,Year,Type,Country,Activity,Sex,Age,Injury,Fatal (Y/N),Time
7,2016,Unprovoked,USA,Swimming,F,51,Severe lacerations to shoulder & forearm,N,14h30
9,2016,Unprovoked,USA,Boogie boarding,F,12,Lacerations & punctures to lower right leg,N,Late afternoon
30,2016,Unprovoked,USA,Surfing,F,9,Minor injury to leg,N,1300
31,2016,Unprovoked,USA,,F,11,Minor injury to toes,N,11h00
34,2016,Unprovoked,SPAIN,Wading,F,10,"5 tiny puncture marks to lower leg, treated with hydrogen peroxide",N,
38,2016,Unprovoked,USA,Swimming,F,42,"Buttocks, thigh, left hand & wrist injured",N,14h30 / 15h30
48,2016,Unprovoked,USA,Floating in tube,F,6,Injury to lower leg,N,17h30
52,2016,Unprovoked,AUSTRALIA,Diving,F,60,FATAL,Y,11h30
57,2016,Unprovoked,USA,Swimming,F,52,Injuries to arm and shoulder,N,16h00
59,2016,Unprovoked,USA,Swimming,F,57,Puncture wounds to thigh,N,12h00
60,2016,Unprovoked,USA,Swimming,F,22,Lacerations and puncture wounds to foot and ankle,N,18h00
61,2016,Unprovoked,USA,Swimming,F,11,"Back, arm & hand injured",N,17h46
63,2016,Provoked,USA,Teasing a shark,F,23,Arm grabbed PROVOKED INCIDENT,N,13h20
72,2016,Unprovoked,NEW CALEDONIA,Walking,F,69,FATAL,Y,10h45
76,2016,Unprovoked,USA,Snorkeling,F,46,Minor injury to left foot,N,11h00
89,2016,Unprovoked,DOMINICAN REPUBLIC,Wading,F,27,Avulsion injury to lower leg,N,15h00
92,2016,Unprovoked,AUSTRALIA,Walking,F,45,Foot nipped,N,13h20
96,2016,Unprovoked,USA,Surfing,F,15,No injury,N,11h30
104,2015,Unprovoked,SPAIN,Swimming,F,38,Lacerations to left forearm,N,
111,2015,Unprovoked,SOUTH AFRICA,Swimming / Wading,F,22,Lacerations to both hands and forearms,N,Morning
113,2015,Unprovoked,USA,Swimming,F,27,Leg injured,N,Morning
118,2015,Unprovoked,USA,Wading,F,28,Injury to right ankle/calf & hand,N,14h00
125,2015,Unprovoked,MOZAMBIQUE,Fishing for shrimp,F,35,FATAL,Y,
129,2015,Unprovoked,USA,Boogie boarding,F,9,Laceration to forearm,N,16h20
137,2015,Unprovoked,AUSTRALIA,Snorkeling,F,7,Laceration to leg,N,Afternoon
146,2015,Unprovoked,USA,Stand-Up Paddleboarding,F,50,"No injury, shark struck board, tossing her into the sea",N,17h30
150,2015,Unprovoked,THAILAND,Wading,F,37,Left foot & ankle bitten,N,08h30
152,2015,Unprovoked,USA,Surfing,F,54,"No injury, surfboard bitten",N,10h25
157,2015,Unprovoked,USA,Walking,F,10,Lacerations to right leg,N,15h30
172,2015,Unprovoked,BAHAMAS,Spearfishing,F,23,Lacerations to lower leg & ankle,N,
192,2015,Unprovoked,USA,Wading,F,12,Left arm amputated at elbow & severe injury to leg,N,16h12
193,2015,Unprovoked,USA,,F,27,Severe laceration to leg,N,
194,2015,Unprovoked,USA,Boogie boarding,F,13,Minor lacerations to foot,N,12h45
196,2015,Unprovoked,USA,Attempting to rescue a shark,F,17,Puncture wound to finger,N,
198,2015,Unprovoked,USA,Standing,F,14,Left foot bitten,N,15h00
199,2015,Unprovoked,USA,Wading,F,19,Minor lacerations to dorsum of right foot,N,13h45
201,2015,Unprovoked,USA,Swimming,F,13,"Puncture wounds to lower left leg and ankle, shallow lacerations to foot, deep laceration to Achilles tendon",N,
208,2015,Unprovoked,USA,Snorkeling,F,65,FATAL,Y,09h00
226,2015,Unprovoked,REUNION,Swimming,F,22,FATAL,Y,18h30
238,2015,Unprovoked,BAHAMAS,Snorkeling,F,34,Severe bite to right flank,N,16h00
258,2014,Unprovoked,USA,Surfing,F,34,Lacerations to fingers,N,11h00
260,2014,Unprovoked,USA,Stand-Up Paddleboarding,F,27,"No injury, paddleboard bitten",N,10h00
262,2014,Boat,USA,Canoeing,F,27,"No injury to occupant, canoe bitten",N,
264,2014,Unprovoked,AUSTRALIA,Surfing,F,13,"Lacerations to left calf & ankle, puncture wounds to left foot",N,06h30
265,2014,Unprovoked,USA,Standing in inner tube,F,7,Lacerations to left foot,N,
266,2014,Unprovoked,USA,Body surfing or Boogie boarding,F,27,Laceration to right hand/wrist,N,15h30
267,2014,Unprovoked,USA,Fishing,F,40,Thigh bitten,N,Afternoon
276,2014,Unprovoked,FRENCH POLYNESIA,Feeding fish,F,36,Thumb & finger nipped,N,
280,2014,Unprovoked,USA,Kayaking ,F,20,"No injury, shark bit kayak",N,18h00
283,2014,Unprovoked,USA,Body surfing,F,13,Injury to left calf,N,16h40
287,2014,Unprovoked,SPAIN,Swimming,F,30,Minor lacerations to posterior lower leg,N,
289,2014,Unprovoked,USA,Standing,F,27,Heel bitten,N,15h00
296,2014,Unprovoked,USA,Swimming,F,10,Puncture wounds to right foot & ankle,N,13h30
299,2014,Unprovoked,USA,Swimming,F,45,Lacerations to  foot,N,
325,2014,Unprovoked,USA,Kneeling in the water,F,14,Shallow lacerations & puncture wounds below shoulder,N,Afternoon
326,2014,Unprovoked,USA,Swimming,F,22,Laceration to right lower leg,N,13h30
328,2014,Unprovoked,USA,Tagging sharks,F,37,Laceration to left hand,N,
329,2014,Unprovoked,AUSTRALIA,Fell into the water,F,29,Lacerations to legs,N,
333,2014,Unprovoked,USA,Body boarding,F,38,Calf bitten,N,11h30
335,2014,Unprovoked,USA,Wading,F,44,Lacerations and puncture wounds to right foot,N,11h00
338,2014,Unprovoked,USA,Swimming,F,40,Lacerations to left foot,N,15h00
347,2014,Unprovoked,AUSTRALIA,Swimming,F,63,FATAL,Y,08h20
375,2013,Unprovoked,USA,Snorkeling,F,58,Right calf bitten,N,13h00
383,2013,Unprovoked,AUSTRALIA,Snorkeling,F,60,Lacerations to right arm,N,Afternoon
400,2013,Unprovoked,USA,Surfing,F,13,Heel bitten,N,13h00
401,2013,Unprovoked,USA,,F,27,No details,UNKNOWN,
412,2013,Unprovoked,USA,Boogie boarding,F,11,Minor injury to left lower leg & heel,N,17h00
415,2013,Unprovoked,USA,Surfing,F,27,"No injury, shark bumped surfboard",N,12h40
416,2013,Unprovoked,USA,Snorkeling,F,20,FATAL,Y,16h30
417,2013,Unprovoked,USA,Kiteboarding,F,19,No injury & not on board. Board adrift when bitten by shark,N,13h55
421,2013,Unprovoked,USA,Snorkeling,F,56,"Lacerations to hand, face and torso",N,08h45
424,2013,Unprovoked,MEXICO,Wading,F,27,Hip bitten,N,11h00
428,2013,Unprovoked,BRAZIL,Swimming,F,18,FATAL,Y,13h20
429,2013,Unprovoked,USA,Walking in surf,F,50,Lacerations and abrasions to foot and ankle,N,14h30
431,2013,Unprovoked,REUNION,Swimming & snorkeling,F,15,FATAL,Y,14h15
433,2013,Unprovoked,USA,Wading,F,63,Right foot bitten,N,15h20
444,2013,Unprovoked,USA,Surfing,F,27,Lacerations to left ankle,N,
445,2013,Unprovoked,USA,Boogie Boarding,F,10,Puncture marks to hand,N,Afternoon
457,2013,Unprovoked,MEXICO,Swimming,F,34,Avulsion injury  to lower right leg,N,13h40
469,2013,Unprovoked,BELIZE,Snorkeling,F,27,Toe injured,N,
496,2012,Unprovoked,NEW ZEALAND,Scuba diving,F,25,"No injury, shark grabbed hood",N,
504,2012,Unprovoked,USA,Swimming,F,51,"Puncture wounds to thigh, defense wounds  to hand",N,15h56
506,2012,Unprovoked,USA,,F,35,Left calf bitten,N,
510,2012,Unprovoked,NIGERIA,Bathing,F,38,Laceration to right leg,N,
516,2012,Unprovoked,TONGA,Swimming,F,29,Injuries to thighs & buttocks,N,
523,2012,Unprovoked,USA,Boogie boarding,F,8,Puncture wounds to calf and hand,N,18h30
525,2012,Unprovoked,USA,Swimming or boogie boarding,F,56,Puncture wound to left ankle,N,16h30
543,2012,Unprovoked,USA,Swimming,F,43,Lacerations to right ankle and calf,N,17h30
551,2012,Unprovoked,USA,Sitting in the water,F,16,Laceration to left calf,N,09h45
556,2012,Unprovoked,USA,Wading,F,6,Numerous puncture wounds to leg ,N,11h00
558,2012,Unprovoked,USA,Swimming,F,18,Foot & hand bitten,N,Afternoon
565,2012,Unprovoked,USA,Surfing,F,12,Laceration to thigh,N,
567,2012,Unprovoked,USA,Wading,F,33,Foot bitten,N,13h30
573,2012,Unprovoked,USA,Swimming,F,47,Upper left thigh bitten,N,11h30
574,2012,Unprovoked,USA,Paddle boarding,F,15,"No injury, shark bit paddleboard",N,07h20
585,2012,Unprovoked,USA,Surfing,F,15,Bitten on ankle,N,16h00
588,2012,Provoked,AUSTRALIA,"Diving, feeding sharks",F,34,Superficial lacerations to right side of face PROVOKED ACCIDENT,N,11h30
615,2011,Unprovoked,USA,Surfing,F,27,Minor injury to calf ,N,09h00
652,2011,Unprovoked,USA,Wade Fishing,F,39,"Lacerations to anterior left shin, abrasion to posteior right leg",N,19h00
658,2011,Unprovoked,USA,Wading,F,20,Lacerations to foot,N,17h00
671,2011,Unprovoked,USA,Boogie Boarding,F,6,Lower right leg & foot bitten,N,17h30
682,2011,Unprovoked,USA,Playing in the surf,F,10,Ankle bitten,N,Afternoon
693,2011,Unprovoked,MALAYSIA,Snorkeling,F,27,Laceration to dorsum of right foot,N,
694,2011,Unprovoked,USA,Standing or boogie boardin,F,22,Lacerations & punctures to right thigh ,N,15h00
696,2011,Unprovoked,USA,Surfing,F,27,"No injury, board bitten",N,13h15
697,2011,Unprovoked,USA,Paddle boarding,F,27,"No injury, board bitten",N,12h00
712,2011,Unprovoked,MEXICO,Swimming,F,27,Lower leg & foot bitten,N,
716,2011,Unprovoked,AUSTRALIA,Wakeboarding,F,24,"Severe injuries to head, neck, shoulder & upper left arm",N,13h00
727,2011,Unprovoked,MEXICO,Swimming,F,38,"Leg, forearm & hand severely bitten",N,12h00
737,2010,Unprovoked,EGYPT,Snorkeling,F,70,FATAL,Y,12h00
741,2010,Unprovoked,EGYPT,Snorkeling,F,70,"Foot severed, Right forearm severed, lacerations to left hand (defense wounds)",N,14h55
742,2010,Unprovoked,EGYPT,Snorkeling,F,48,Foot and arm bitten,N,14h40
749,2010,Unprovoked,AUSTRALIA,Snorkeling,F,20,Torso and left buttock bitten,N,12h30
756,2010,Unprovoked,EGYPT,Snorkeling,F,27,Multiple lacerations to left leg and foot,N,A.M.
759,2010,Unprovoked,BAHAMAS,Surfing,F,27,Bitten between left ankle & knee,N,15h00
775,2010,Provoked,AUSTRALIA,Fishing,F,27,Leg bitten by hooked shark PROVOKED INCIDENT,N,19h00
776,2010,Unprovoked,SOUTH KOREA,Swimming,F,16,Lacerations to left lower leg,N,Late afternoon
782,2010,Unprovoked,USA,Standing,F,37,Lacerations to forearm,N,11h00
786,2010,Unprovoked,USA,Swimming,F,13,Lacerations to right forearm,N,13h30
791,2010,Unprovoked,SOUTH AFRICA,Snorkeling,F,21,Left leg bitten,N,
796,2010,Unprovoked,USA,Boogie Boarding,F,6,Laceration to leg,N,
797,2010,Unprovoked,USA,Swimming,F,13,Laceration to left foot,N,13h00
799,2010,Unprovoked,USA,Boogie Boarding,F,18,Lacerations to left calf and foot,N,12h30
803,2010,Unprovoked,VIETNAM,Rescuing,F,58,Minor laceration to leg,N,18h00
804,2010,Unprovoked,VIETNAM,Swimming,F,60,Severe lacerations to left foot,N,18h00
807,2010,Unprovoked,USA,Wading,F,10,Minor puncture wounds to right ankle,N,10h30
816,2010,Unprovoked,AUSTRALIA,Snorkeling,F,60,Lacerations to legs & buttocks,N,13h30
823,2010,Provoked,NEW ZEALAND,Boogie Boarding,F,14,Stepped on shark PROVOKED INCIDENT,N,18h30
829,2010,Unprovoked,AUSTRALIA,Snorkeling,F,9,2 sets of minor lacerations below her right knee,N,
830,2010,Unprovoked,VIETNAM,,F,27,Minor injuries,N,
850,2009,Unprovoked,USA,Surfing,F,27,Foot bitten,N,16h30
856,2009,Unprovoked,AUSTRALIA,Paddle-boarding,F,17,"No injury, shark bit rear of paddleboard",N,07h00
859,2009,Unprovoked,PANAMA,Wading,F,10,Arm & torso bitten,N,18h30
874,2009,Unprovoked,USA,Swimming,F,22,Puncture wounds to left foot & calf,N,16h30
881,2009,Unprovoked,VIETNAM,Swimming,F,41,Foot bitten,N,17h30
883,2009,Unprovoked,USA,Wading,F,14,Lacerations to anterior left lower leg,N,Afternoon
885,2009,Unprovoked,USA,Swimming,F,26,Laceration to left foot,N,15h00
886,2009,Unprovoked,USA,Swimming,F,19,Laceration to lower right leg,N,15h00
891,2009,Unprovoked,USA,Boogie Boarding,F,12,Right ankle bitten,N,16h00
892,2009,Provoked,USA,Swimming,F,43,Thigh injured by hooked shark PROVOKED INCIDENT,N,15j45
899,2009,Unprovoked,EGYPT,Snorkeling,F,50,FATAL,Y,Morning
907,2009,Unprovoked,USA,,F,27,Multiple lacerations to right foot & ankle,N,16h45
922,2009,Unprovoked,AUSTRALIA,Surfing,F,27,"No injury, shark bit nose of surfboard",N,07h45
923,2009,Unprovoked,USA,Surfing,F,17,Minor bite to ankle,N,17h30
924,2009,Unprovoked,MALAYSIA,Feeding fish,F,27,Minor injury,N,
949,2009,Unprovoked,AUSTRALIA,Surfing,F,13,Severe lacerations to right leg,N,15h45
965,2008,Unprovoked,EGYPT,Scuba diving,F,27,Lacerations to fingers,N,Morning
967,2008,Unprovoked,ECUADOR,,F,27,Leg bitten,N,
997,2008,Unprovoked,USA,Treading water,F,38,Severe lacerations to left foot,N,Dusk
998,2008,Unprovoked,USA,Wading,F,13,Puncture wounds & 3-inch laceration to right calf,N,12h05
1006,2008,Unprovoked,USA,Snorkeling,F,44,Forearm bitten ,N,08h45
1008,2008,Unprovoked,USA,Wading,F,8,Lacerations to dorsum of right foot ,N,13h00
1014,2008,Unprovoked,USA,Swimming,F,14,Lacerations to  right foot,N,19h30
1015,2008,Unprovoked,USA,,F,17,Lacerations to right foot,N,14h21
1024,2008,Unprovoked,USA,Kayaking,F,40," No injury. Shark bumped kayak, flinging her into the  water. ",N,09h00
1025,2008,Unprovoked,USA,Wading,F,35,Lacerations to lower right calf,N,11h10
1029,2008,Unprovoked,USA,Body surfing,F,15,Foot bitten,N,18h30
1067,2008,Unprovoked,AUSTRALIA,Surfing,F,14,Abrasions to elbow; collided with shark,N,
1082,2007,Unprovoked,NEW ZEALAND,Surfing,F,27,"No injury, shark bit surfboard & severed leash",N,
1092,2007,Unprovoked,AUSTRALIA,Surf-skiing,F,52,small laceration to wrist,N,11h30
1098,2007,Unprovoked,NEW CALEDONIA,Swimming,F,23,FATAL,Y,Early morning
1099,2007,Unprovoked,BAHAMAS,Spearfishing,F,48,Thigh bitten,N,12h00
1100,2007,Unprovoked,USA,Surfing,F,27,"No injury to surfer, surfboard bitten",N,08h15
1101,2007,Unprovoked,EGYPT,Swimming,F,18,"Severe lacerations to lower left leg, ankle and foot",N,07h00
1103,2007,Unprovoked,USA,Surfing,F,27,Laceration to foot,N,
1107,2007,Unprovoked,USA,Surfing,F,27,"No injury, surfboard bitten",N,Early morning
1109,2007,Unprovoked,USA,Wading,F,58,Puncture wounds & 2-inch laceration to calf,N,11h45
1110,2007,Unprovoked,USA,Wading,F,36,Laceration to right big toe,N,13h42
1112,2007,Unprovoked,USA,Jumping,F,12,Tiny punctures to arm,N,Morning
1124,2007,Unprovoked,USA,Swimming,F,15,"Minor injury, small lacerations to right foot",N,17h35
1128,2007,Unprovoked,USA,Jumped into the water,F,19,Lacerations to arm,N,Afternoon
1138,2007,Unprovoked,USA,Wading,F,30,Lacerations to right thigh & left foot,N,13h00
1139,2007,Unprovoked,BAHAMAS,Spearfishing,F,48,"Lacerations to thumb, ring and pinky fingers of right hand ",N,11h00
1144,2007,Unprovoked,USA,Swimming,F,27,Hand bitten,N,10h00
1148,2007,Unprovoked,USA,Swimming,F,27,Right foot bitten,N,11h00
1150,2007,Unprovoked,USA,Wading,F,27,Lacerations to lower leg,N,17h00
1151,2007,Provoked,USA,Reviving a sedated shark,F,40,Left shin bitten by captive shark PROVOKED INCIDENT,N,Morning
1153,2007,Unprovoked,AUSTRALIA,Wading,F,38,Left heel & calf bitten,N,14h30
1155,2007,Unprovoked,USA,Surfing,F,21,Knee bitten,N,16h00
1158,2007,Unprovoked,USA,Snorkeling,F,63,Right foot bitten,N,08h30
1161,2007,Provoked,BAHAMAS,Shark tagging,F,20,Lacerations to right upper arm by captive shark PROVOKED INCIDENT,N,
1162,2007,Unprovoked,AUSTRALIA,Swimming / jumping off a jetty,F,13,Lower leg & foot injured,N,18h00
1172,2007,Unprovoked,AUSTRALIA,Surfing,F,42,Lacerations to 3 fingers of left hand ,N,10h00
1174,2007,Unprovoked,AUSTRALIA,Swimming,F,59,"Bruises to arm and hand, laceration to lower leg & minor injuries to foot",N,15h30
1201,2006,Unprovoked,BAHAMAS,Free diving / modeling,F,26,Puncture wounds to left foot,N,
1223,2006,Unprovoked,USA,Wading,F,59,Lacerations & punctures to left foot,N,12h00
1235,2006,Unprovoked,USA,Swimming,F,21,Ankle & foot bitten,N,13h30
1239,2006,Unprovoked,USA,Body boarding,F,14,Foot bitten,N,11h00
1241,2006,Unprovoked,USA,Spearfishing,F,28,Lacerations & puncture wound  to arm,N,
1243,2006,Unprovoked,USA,Body boarding,F,9,Right calf bitten,N,11h10
1246,2006,Unprovoked,USA,Surfing,F,22,2-inch puncture wounds on right foot,N,13h00
1250,2006,Unprovoked,USA,Playing,F,7,Lacerations & puncture wounds to left foot & buttocks,N,13h45
1257,2006,Unprovoked,USA,Scuba diving,F,30,Laceration to leg,N,15h30
1259,2006,Unprovoked,USA,Swimming,F,20,2 lacerations on lower right leg,N,16h30
1263,2006,Unprovoked,USA,Standing,F,13,3 tiny punctures & small lacerations on right ankle,N,15h00
1270,2006,Unprovoked,USA,Surfing,F,28,5 puncture wounds in left calf,N,11h30
1274,2006,Unprovoked,USA,Standing,F,15,Deep laceration to right calf,N,16h30
1280,2006,Unprovoked,TONGA,Swimming,F,24,Severe bite to right leg FATAL,Y,18h00
1284,2006,Boat,ATLANTIC OCEAN,Competing in the Woodvale Atlantic Rowing Race,F,28,"No injury to occupants; a shark, accidentally caught in a line, threatened to rip out the transom",N,
1288,2006,Unprovoked,AUSTRALIA,Swimming,F,21,FATAL,Y,17h15
1313,2005,Unprovoked,USA,Surfing,F,20,Leg bitten,N,10h30
1316,2005,Unprovoked,GRAND CAYMAN,Scuba diving,F,57,No injury ,N,15h00
1324,2005,Unprovoked,USA,Body surfing,F,68,"Injuries to fingers, calf  & heel",N,16h30
1327,2005,Unprovoked,USA,Wading,F,18,Calf severely lacerated,N,15h20
1340,2005,Unprovoked,USA,Wading,F,13,Laceration on the back of left hand & toothmarks on wrist,N,18h00
1347,2005,Unprovoked,USA,Holding onto an inflatable boat,F,14,Left foot bitten,N,13h00
1350,2005,Unprovoked,USA,Swimming with boogie board,F,14,"FATAL, leg bitten",Y,11h15
1351,2005,Unprovoked,VANUATU,Swimming,F,7,FATAL,Y,Afternoon
1355,2005,Unprovoked,SOUTH KOREA,Diving,F,38,Knee bitten,N,
1356,2005,Unprovoked,USA,Boogie boarding,F,11,Foot lacerated,N,11h30 
1361,2005,Unprovoked,USA,Crouching in 2' of water,F,27,Right arm & torso bitten,N,18h30
1372,2005,Unprovoked,USA,Wading,F,70,Right lower leg bitten,N,
1375,2005,Unprovoked,USA,,F,27,Left calf injured,N,
1399,2004,Unprovoked,SOUTH AFRICA,Swimming,F,77,FATAL,Y,07h00
1417,2004,Unprovoked,USA,Jumping,F,17,Left knee & leg bitten,N,15h40
1418,2004,Unprovoked,USA,Walking,F,38,Heel bitten,N,17h30
1425,2004,Unprovoked,USA,Surfing,F,20,Right foot bitten,N,13h00
1427,2004,Unprovoked,USA,Surfing,F,28,Right calf bitten,N,17h30
1428,2004,Unprovoked,USA,Swimming,F,13,Right forearm & wrist lacerated,N,17h00
1429,2004,Unprovoked,USA,Swimming,F,19,Right foot bitten,N,16h30
1434,2004,Unprovoked,EGYPT,Snorkeling,F,27,Hand severed,N,
1438,2004,Unprovoked,USA,In water with diving seabirds,F,27,Foot bitten,N,
1447,2004,Unprovoked,USA,,F,9,Foot bitten,N,Afternoon
1448,2004,Unprovoked,BRAZIL,Wading,F,24,Hips & thighs bitten,N,16h00
1465,2004,Unprovoked,USA,Snorkeling,F,27,Lacerations to left foot,N,10h00
1494,2003,Unprovoked,USA,Surfing,F,35,Severe abrasion to left lateral calf,N,15h30
1503,2003,Unprovoked,USA,Surfing,F,13,Left arm severed below shoulder,N,07h30
1508,2003,Unprovoked,USA,Surfing,F,27,Minor puncture wounds in hand,N,15h00
1512,2003,Unprovoked,USA,Wading near a fishing net,F,41,"Left thigh abraded, right knee and right index finger injured",N,12h55
1526,2003,Unprovoked,USA,"Swimming, wearing black wetsuit & swim fins",F,50,"FATAL          Hip & upper thigh bitten, femoral artery severed ",Y,08h15
1531,2003,Unprovoked,USA,Wading,F,15,Heel & sole of left foot,N,14h37
1542,2003,Unprovoked,USA,Standing,F,12,2 lacerations to the thigh,N,Afternoon
1552,2003,Unprovoked,USA,Walking,F,9,Laceration to right lower leg,N,12h20
1569,2003,Provoked,USA,Petting captive sharks,F,27,Hand nipped PROVOKED INCIDENT,N,
1577,2003,Unprovoked,AUSTRALIA,Surfing,F,27,"No injury, but her surfboard was bitten",N,13h00
1578,2002,Unprovoked,AUSTRALIA,Snorkeling,F,18,Left arm lacerated,N,
1586,2002,Unprovoked,USA,Swimming,F,34,Right shoulder forarm & wrist bitten,N,10h45
1587,2002,Unprovoked,TURKS & CAICOS,Snorkeling,F,41,"Right upper am, shoulder & back severely  bitten",N,08h40
1591,2002,Unprovoked,USA,Swimming,F,60,Left foot bitten ,N,11h56
1610,2002,Unprovoked,USA,Swimming,F,29,Both arms & leg bitten,N,17h00
1617,2002,Unprovoked,USA,Swimming,F,15,Calf bitten,N,17h00
1621,2002,Unprovoked,USA,Standing,F,9,"Calf, foot & hand bitten",N,17h15
1623,2002,Unprovoked,USA,Swimming,F,11,Small lacerations on right lower leg,N,14h25
1650,2002,Unprovoked,USA,Wading,F,11,Foot bitten,N,10h10
1671,2001,Unprovoked,AUSTRALIA,Snorkeling,F,20,Lacerations to right forearm & shoulder injured,N,13h00
1684,2001,Unprovoked,USA,Swimming,F,23,Left buttock & foot  severed,N,18h00
1688,2001,Unprovoked,USA,Standing,F,29,Punctures & lacerations on elbow & forearm,N,13h30
1695,2001,Unprovoked,USA,Surfing,F,17,Lacerations to lower leg,N,13h06
1696,2001,Unprovoked,USA,Surfing,F,17,Left foot lacerated,N,11h20
1702,2001,Unprovoked,USA,,F,27,Toe bitten,N,
1705,2001,Unprovoked,USA,,F,27,Survived,N,
1707,2001,Unprovoked,USA,,F,27,2 bites behind knee,N,
1718,2001,Unprovoked,USA,Wading,F,29,3 puncture wounds on each side of her left  hand,N,Shortly before 13h00
1743,2001,Unprovoked,BRAZIL,Batin,F,12,Left thigh bitten,N,
1754,2001,Unprovoked,CUBA,Swimming,F,55,Left arm bitten,N,
1763,2000,Unprovoked,NEW ZEALAND,Surfing,F,27,FATAL,Y,
1773,2000,Unprovoked,USA,Swimming / snorkeling,F,56,Right side of back / torso lacerated,N,11h20
1786,2000,Unprovoked,USA,Surfing,F,26,Puncture wounds on knee,N,12h00
1800,2000,Unprovoked,USA,Standing,F,44,Severely bitten on lower leg ,N,16h45
1805,2000,Unprovoked,USA,Snorkeling,F,45,Leg pinched,N,
1815,2000,Unprovoked,USA,Playing,F,12,Calf lacerated,N,16h30
1816,2000,Unprovoked,USA,Wading,F,20,Left inner thigh,N,18h00
1817,2000,Unprovoked,USA,"Spearfishing, holding mesh bag with speared fish",F,55,Lower right calf lacerated,N,12h00
1818,2000,Unprovoked,USA,Wading,F,13,Left calf & hand lacerated,N,17h00
1819,2000,Unprovoked,USA,Standing,F,19,Left thigh lacerated,N,14h45
1838,2000,Unprovoked,USA,Boogie boarding,F,14,Right knee lacerated,N,11h15
1856,1999,Unprovoked,NEW ZEALAND,Swimming,F,13,Arm bitten,N,
1857,1999,Unprovoked,NEW ZEALAND,Bathing,F,12,A cut on her hand,N,
1863,1999,Unprovoked,USA,Swimming,F,51,"Buttock bitten, hands lacerated",N,17h20
1875,1999,Unprovoked,USA,Wading,F,61,Thigh (posterior) bitten,N,
1876,1999,Unprovoked,USA,Wading,F,10,Toes lacerated,N,Afternoon
1892,1999,Unprovoked,USA,Wading in school of baitfish,F,30,Lacerations knee to ankle,N,Afternoon
1900,1999,Unprovoked,MAURITIUS,Swimming,F,41,Thigh bitten,N,06h00
1905,1999,Unprovoked,USA,"Swimming, towing a kayak",F,29,"FATAL, arm bitten ",Y,20h30
1909,1999,Unprovoked,USA,Swimming near pod of whales,F,29,Tissue removed knee to thigh,N,10h45
1921,1998,Unprovoked,AUSTRALIA,Standing,F,21,2 puncture wounds in left leg,N,15h30
1924,1998,Unprovoked,AUSTRALIA,Surfing,F,21,Leg injured,N,Afternoon
1931,1998,Unprovoked,USA,Swimming,F,17,Minor lacerations on right ankle & foot,N,Afternoon
1964,1998,Unprovoked,USA,Swimming,F,14,Ankle & foot bitten,N,14h30
1967,1998,Unprovoked,MOZAMBIQUE,Towing rubber dinghy,F,35,"FATAL, torso & abdomen bitten, forearm severed ",Y,15h05
1997,1997,Unprovoked,USA,Swimming,F,14,Laceration & 3 puncture wounds to anterior right thigh,N,08h30
2007,1997,Unprovoked,USA,Floating on raft,F,12,Small lacerations on right lower leg,N,14h16
2012,1997,Unprovoked,USA,Wading,F,10,Wrist & am bitten,N,
2023,1997,Unprovoked,FIJI,Snorkeling,F,47,"Bitten on inner thigh, leg surgically amputated",N,14h30
2033,1997,Unprovoked,AUSTRALIA,Swimming,F,21,Left leg biten,N,
2037,1997,Boat,AUSTRALIA,Rowing ,F,49,"Bruised, when shark struck scull & catapulted her into the water",N,
2045,1996,Unprovoked,NEW CALEDONIA,Attempting to attract dolphins,F,27,Hand bitten,N,
2065,1996,Unprovoked,USA,Standing,F,8,Survived,N,19h30
2072,1996,Unprovoked,USA,Standing,F,63,Laceration on left foot,N,14h00
2074,1996,Unprovoked,USA,Body surfing,F,24,"Lacerations to left shin, heel & foot",N,Afternoon
2084,1996,Unprovoked,AUSTRALIA,Swimming,F,16,Puncture wounds on leg ,N,
2086,1996,Unprovoked,AUSTRALIA,Swimming breast stoke,F,47,Left arm & leg lacerated,N,07h00
2089,1996,Provoked,USA,Swimming in fish tank,F,32,5 punctures to hand from captive shark PROVOKED INCIDENT,N,
2096,1996,Unprovoked,AUSTRALIA,Swimming,F,13,Lacerations to left calf,N,
2110,1995,Unprovoked,AUSTRALIA,Playing / standing,F,15,Laceration to thigh,N,14h30
2116,1995,Unprovoked,USA,Swimming,F,19,Left elbow and bicep bitten,N,15h40
2135,1995,Unprovoked,USA,"""Riding waves on a board""",F,14,Left foot bitten,N,
2144,1995,Unprovoked,USA,Swimming,F,7,Right foot bitten,N,
2149,1995,Provoked,USA,Fishing,F,32,Minor laceration to leg from a hooked shark PROVOKED INCIDENT,N,
2152,1995,Unprovoked,USA,Kayaking,F,27,Minor injuries,N,
2156,1995,Unprovoked,USA,Swimming,F,10,Leg bitten,N,14h00
2158,1995,Unprovoked,HONG KONG,Swimming,F,45,"FATAL, left  leg & forearm severed",Y,
2164,1995,Unprovoked,SOUTH KOREA,Diving for abalone,F,44,Right leg severed FATAL,Y,
2169,1995,Unprovoked,AUSTRALIA,Surf skiing,F,27,"No injury, knocked off board by shark",N,
2189,1994,Unprovoked,USA,"Surfing, paddling seawards",F,34,Right thigh & board bitten,N,09h45
2193,1994,Provoked,USA,Wading,F,9,Ankle bitten when she accidently stepped on the shark  PROVOKED INCIDENT,N,13h00
2195,1994,Unprovoked,USA,Swimming,F,30,Right side of abdomen & left hand bitten,N,
2198,1994,Unprovoked,USA,Jumped off rocks into white water,F,12,Left calf bitten,N,11h15
2211,1994,Unprovoked,USA,Wading,F,36,Lower left calf & ankle  lacerated,N,
2219,1994,Unprovoked,CHILE,Swimming alongside NOAA research vessel Discoverer,F,19,Leg severed mid-thigh,N,11h58
2234,1994,Unprovoked,HONG KONG,Playing volleyball with friends,F,27,Both legs lacerated,N,
2242,1993,Unprovoked,USA,Swimming,F,26,Thigh & hand lacerated,N,10h00
2243,1993,Boat,USA,Kayaking,F,34,"No Injury, Kayak holed",N,14h30
2256,1993,Unprovoked,USA,Riding floatation device,F,19,Severe lacerations to abdomen & thighs,N,10h00
2262,1993,Unprovoked,USA,Playing,F,12,Right knee bitten,N,18h12
2266,1993,Unprovoked,MEXICO,Scuba diving,F,42,FATAL,Y,19h30
2269,1993,Unprovoked,AUSTRALIA,Scuba diving at seal colony,F,34,FATAL,Y,10h55
2271,1993,Unprovoked,USA,Swimming,F,60,"No injury, bumped by shark",N,Dusk
2272,1993,Unprovoked,HONG KONG,,F,27,"Missing, believed taken by a shark",Y,
2273,1993,Unprovoked,SOMALIA,Swimming,F,27,FATAL,Y,
2309,1992,Unprovoked,USA,Standing,F,18,Right ankle & calf bitten,N,15h00
2312,1992,Unprovoked,BAHAMAS,"Snorkeling, carrying a speared fish in her hand",F,34,Left hand bitten,N,
2319,1992,Unprovoked,USA,Standing,F,42,Lacerations to left foot,N,12h33
2324,1992,Unprovoked,VANUATU,Swimming,F,21,Right leg was bitten above and below the knee and an artery was punctured,N,
2332,1992,Unprovoked,USA,"Surfing, paddling seawards",F,36,"Foot bitten, crescent of bitemarks in both sides of board",N,>06h45
2349,1991,Unprovoked,USA,Snorkeling,F,41,"FATAL, right leg at hip, left leg and right forearm severed  ",Y,09h00
2350,1991,Unprovoked,USA,Snorkeling,F,27,Right calf abraded,N,09h00
2360,1991,Unprovoked,USA,Wading,F,10,Bite to left thigh & calf,N,16h35
2362,1991,Boat,ITALY,Canoeing,F,40,No Injury to occupant; canoe bitten,N,15h30
2373,1991,Unprovoked,HONG KONG,Swimming ,F,65,Abdomen bitten & leg severed  FATAL,Y,Between 06h00 & 07h20
2388,1990,Unprovoked,USA,Scuba diving (but on surface),F,27,Leg bitten,N,15h00
2404,1990,Unprovoked,USA,Wading,F,53,10-inch laceration to right foot,N,Evening
2406,1990,Unprovoked,SOUTH AFRICA,Scuba diving (but on surface),F,21,"FATAL, thigh bitten  ",Y,15h45
2409,1990,Unprovoked,AUSTRALIA,Snorkeling,F,30,Lacerations,N,
2431,1989,Unprovoked,AUSTRALIA,Swimming,F,31,Puncture marks to right calf,N,
2447,1989,Unprovoked,BAHAMAS,Spearfishing,F,31,Severe hand and arm injuries; right hand surgically amputated,N,
2453,1989,Unprovoked,USA,Playing ,F,9,Leg bitten,N,
2471,1989,Unprovoked,USA,Kayaking,F,24,"FATAL, thigh bitten, hands lacerated  ",Y,10h15
2476,1989,Unprovoked,PAPUA NEW GUINEA,"Scuba diving, hand feeding sharks",F,27,Thigh & calf bitten,N,
2488,1988,Unprovoked,USA,Wading,F,23,Leg lacerated,N,
2490,1988,Unprovoked,USA,Walking,F,27,Dennis' hand injured; Ann's right forearm bitten,N,15h45
2499,1988,Unprovoked,USA,Swimming,F,15,Punctures & deep scratches to foot & buttock,N,10h30
2508,1988,Unprovoked,SOUTH KOREA,Shell diving,F,38,FATAL,Y,
2518,1988,Unprovoked,USA,Standing ,F,30,Foot bitten,N,
2524,1988,Unprovoked,SOUTH AFRICA,Lying atop surfboard,F,15,"Leg bitten, surgically amputated",N,07h40
2547,1987,Unprovoked,USA,Body surfing,F,32,Left foot bitten,N,18h30
2548,1987,Unprovoked,USA,Wading,F,16,Puncture wounds to right foot,N,14h30
2557,1987,Unprovoked,USA,Swimming,F,16,Right arm severed above elbow,N,18h00
2579,1986,Unprovoked,USA,Swimming,F,6,Hip & thigh bitten,N,18h00
2588,1986,Unprovoked,AUSTRALIA,Scuba diving,F,27,Survived,N,
2624,1985,Unprovoked,USA,Wading,F,13,Right calf bitten,N,17h00
2627,1985,Unprovoked,USA,Playing in knee-deep water,F,10,2/3rd of left calf removed,N,
2632,1985,Unprovoked,AUSTRALIA,Free diving for scallops,F,33,FATAL,Y,12h30
2649,1984,Unprovoked,USA,Surfing or body surfing,F,23,"9"" laceration to right forearm ",N,13h30
2663,1984,Unprovoked,USA,Swimming,F,13,Lacerations on right foot,N,14h30
2664,1984,Unprovoked,USA,Swimming,F,18,Legs severely lacerated,N,12h00
2669,1984,Unprovoked,USA,Towing her sister on plastic ski board,F,13,Foot bitten,N,17h00
2681,1984,Unprovoked,SOUTH AFRICA,,F,14,Remains recovered 1-4-1984 showed evidence of defense wounds,Y,
2698,1983,Unprovoked,USA,Swimming,F,14,Foot bitten,N,Morning
2700,1983,Unprovoked,USA,Diving,F,22,Right leg severely bitten,N,Morning
2702,1983,Sea Disaster,AUSTRALIA,Swimming from the New Venture ,F,21,"FATAL, shark seized her by the chest and took her underwater ",Y,04h00
2706,1983,Unprovoked,USA,Windsurfing,F,39,Left ankle nipped (3 punctures wounds),N,Afternoon
2744,1982,Unprovoked,SOUTH AFRICA,Swimming,F,18,"Left knee, lower leg & foot bitten",N,12h00
2751,1982,Unprovoked,USA,Swimming,F,19,Laceration to left leg,N,14h30
2756,1982,Unprovoked,USA,,F,8,Foot bitten,N,11h00
2765,1982,Unprovoked,USA,Wading,F,27,Left leg bitten,N,
2766,1982,Unprovoked,USA,Swimming,F,27,Right foot bitten,N,
2767,1982,Unprovoked,USA,Swimming,F,75,Shark-bitten body found floating 1.5 miles offshore. Bruises suggested she may have been bitten by the shark before drowning,Y,Prior to 10h37
2793,1981,Unprovoked,USA,"16' catamaran capsized previous night, occupants stayed with wreckage until morning, then attempted to swim ashore",F,19,FATAL,Y,Daybreak
2795,1981,Unprovoked,USA,Swimming,F,16,"Foot bitten between arch & big toe, no stitches required",N,
2802,1981,Unprovoked,SOUTH KOREA,Shell diving,F,27,FATAL,Y,12h30
2832,1980,Unprovoked,USA,Wading,F,10,Bitten behind knee & lower leg,N,
2836,1980,Unprovoked,USA,Standing,F,22,"No injury, shark bit her bathing suit",N,Afternoon
2839,1980,Provoked,USA,Scuba diving,F,44,Laceration to lower leg   PROVOKED INCIDENT,N,
2843,1980,Unprovoked,MEXICO,Body surfing,F,13,Right calf bitten,N,Early afternoon
2846,1980,Sea Disaster,PHILIPPINES,Sinking of the ferryboat Bongbong 1,F,27,FATAL,Y,
2906,1978,Unprovoked,USA,Surfing,F,27,Foot bitten,N,
2907,1978,Unprovoked,VANUATU,Swimming,F,27,FATAL,Y,
2959,1976,Boat,AUSTRALIA,Sitting in bow of her father's 5 m boat,F,27,"Shark jumped in boat, hitting her in the face & knocking her unconscious",N,
2968,1976,Unprovoked,AUSTRALIA,,F,27,Survived,N,
2988,1975,Sea Disaster,USA,Sea disaster,F,62,"FATAL, arms & legs bitten",Y,
2994,1975,Unprovoked,USA,Swimming,F,14,Arm lacerated,N,Mid-morning
2998,1975,Unprovoked,USA,Standing,F,15,Hand & wrist bitten,N,14h30
3003,1975,Unprovoked,USA,Bathing,F,10,Leg bitten,N,
3008,1975,Unprovoked,AUSTRALIA,,F,27,Hand bitten,N,
3026,1974,Unprovoked,ISRAEL,Swimming,F,20,"Bitten 12 times: multiple lacerations on hands, arms, shoulder breast thigh, both legs, left forearm surgically amputated ",N,17h00
3040,1974,Unprovoked,USA,Swimming,F,61,Lacerations to hip and leg,N,08h55
3045,1974,Unprovoked,USA,Swimming,F,11,Foot bitten,N,
3111,1972,Unprovoked,AUSTRALIA,,F,27,Left leg bitten,N,
3118,1972,Unprovoked,SOUTH AFRICA,Sitting in shallows,F,30,Foot bitten,N,20h00
3123,1971,Unprovoked,SOUTH AFRICA,Swimming,F,16,Right forearm bitten,N,14h45
3174,1970,Unprovoked,,Wading,F,8,Lacerations to lower leg,N,
3187,1970,Unprovoked,IRAQ,Washing cooking pans,F,28,Left hand severed,N,Afternoon
3188,1970,Unprovoked,IRAQ,Washing clothes on stairs,F,25,Left foot severed,N,
3257,1968,Unprovoked,AUSTRALIA,Swimming,F,14,Thigh lacerated,N,Late afternoon
3258,1968,Provoked,NEW ZEALAND,Picking up shark by the tail,F,27,Wrist bitten PROVOKED INCIDENT,N,
3289,1967,Unprovoked,BERMUDA,Floating,F,19,Right foot abraded & lacerated,N,16h00
3320,1966,Unprovoked,PAPUA NEW GUINEA,A father bathing his smallest daughter when the shark bumped her out of his arms and carried her into deep water,F,9,FATAL,Y,
3321,1966,Unprovoked,PAPUA NEW GUINEA,Swimming,F,13,FATAL,Y,Morning
3322,1966,Unprovoked,PAPUA NEW GUINEA,Bathing,F,8,FATAL,Y,09h00
3332,1966,Unprovoked,BAHAMAS,Snorkeling,F,18,"Survived, no details",N,17h00
3333,1966,Unprovoked,NEW BRITAIN,Swimming,F,13,FATAL,Y,Midday
3334,1966,Unprovoked,NEW BRITAIN,Diving into water,F,9,FATAL,Y,Midday
3344,1966,Unprovoked,PAPUA NEW GUINEA,Swimming,F,25,FATAL,Y,
3369,1966,Unprovoked,NEW ZEALAND,Body surfing ,F,15,"FATAL, left leg bitten thigh to calf  ",Y,15h30
3381,1965,Unprovoked,BAHAMAS,Playing in the water,F,27,FATAL,Y,
3485,1964,Unprovoked,FIJI,Swimming,F,20,Deep lacerations to her right thigh,N,15h00
3489,1963,Unprovoked,SOUTH AFRICA,Standing,F,20,"Right hand & foot severed, thigh & buttock lacerated",N,14h00
3501,1963,Provoked,PAPUA NEW GUINEA,Fishing / standing in waist deep water,F,18,Left arm lacerated  PROVOKED INCIDENT,N,14h00
3502,1963,Unprovoked,FIJI,Fishing,F,21,Elbow bitten,N,11h00
3522,1963,Unprovoked,GREECE,Swimming,F,42,FATAL,Y,16h30
3539,1963,Unprovoked,AUSTRALIA,Wading,F,32,"FATAL, right femoral artery severed, thigh, calf, buttock & left hand bitten  ",Y,13h30
3625,1962,Unprovoked,NEW ZEALAND,Surf fishing,F,54,Right foot lacerated ,N,18h00
3633,1962,Unprovoked,SPAIN,Dangling feet in the water,F,27,Feet severed,N,
3636,1961,Unprovoked,AUSTRALIA,Standing,F,18,"FATAL, right arm severed at shoulder, left hand severed, right thigh bitten & surgically amputated.  Died  day after the attack",Y,16h15
3688,1961,Provoked,AUSTRALIA,Fishing from dinghy,F,27,Hooked shark hauled on board bit her foot PROVOKED INCIDENT,N,
3694,1961,Unprovoked,AUSTRALIA,Standing,F,27,"Ankle bitten by small gummy shark, minor injury",N,18h00
3716,1960,Unprovoked,AUSTRALIA,,F,27,"Shark brushed past, minor injuries if any", N,
3765,1960,Unprovoked,USA,Swimming ,F,16,"Left leg bitten, surgically amputated below the knee",N,13h00
3778,1960,Unprovoked,FIJI,Fishing in shoulder-deep water,F,27,"FATAL, legs bitten ",Y,
3797,1960,Provoked,SOUTH AFRICA,"Standing, watching seine netters",F,27,Left leg bitten by shark that escaped net  PROVOKED INCIDENT,N,
3806,1960,Unprovoked,MOZAMBIQUE,Swimming,F,5,FATAL,Y,
3807,1960,Unprovoked,SOUTH AFRICA,Wading,F,27,"Heel lacerated, hand lacerated & abraded",N,11h00
3816,1959,Sea Disaster,MALDIVE ISLANDS,17 Maldivians adrift in open boat for 31 days,F,3,FATAL,Y,
3838,1959,Unprovoked,MEXICO,,F,27,"FATAL, leg severed, other leg lacerated ",Y,
3850,1959,Unprovoked,USA,Standing,F,15,"4"" cut on left foot ",N,18h00
3868,1959,Unprovoked,USA,,F,37,Minor injuries,N,
3918,1958,Unprovoked,CROATIA,Swimming,F,27,Leg injured,N,18h00
3919,1958,Unprovoked,MEXICO,Swimming,F,27,FATAL,Y,
3937,1958,Unprovoked,SOUTH AFRICA,Paddling in knee-deep water,F,28,FATAL,Y,11h10
3956,1957,Unprovoked,SOUTH AFRICA,Standing,F,14,"Left arm severed, torso bitten, thigh lacerated, many abrasions",N,12h40
3964,1957,Unprovoked,SOLOMON ISLANDS,,F,28,FATAL,Y,17h30
4022,1956,Unprovoked,USA,Wading,F,38,Lacerations to legs,N,18h00
4041,1956,Unprovoked,GREECE,Swimming off yacht,F,15,FATAL,Y,
4043,1956,Unprovoked,USA,Swimming,F,14,No details,UNKNOWN,
4059,1955,Unprovoked,CROATIA,Swimming,F,32,FATAL,Y,
4067,1955,Unprovoked,YEMEN,Swimming,F,27,"FATAL, back lacerated, arm & leg severed  ",Y,
4130,1954,Unprovoked,IRAN,,F,27,FATAL,Y,
4132,1953,Unprovoked,SOUTH AFRICA,Swimming,F,27,Left calf lacerated,N,Morning
4143,1953,Unprovoked,MEXICO,Wading,F,18,FATAL,Y,
4146,1953,Unprovoked,USA,Standing,F,26,Lower left leg severely bitten,N,
4153,1953,Unprovoked,USA,Swimming,F,19,Lacerations to right foot,N,Afternoon
4167,1953,Unprovoked,USA,Standing,F,27,Leg lacerated thigh to ankle,N,
4206,1951,Unprovoked,ITALY,Swimming,F,21,FATAL,Y,
4210,1951,Unprovoked,GREECE,Swimming,F,16,"FATAL, body not recovered Another man was also injured by the shark at same time (see below)",Y,
4285,1949,Unprovoked,AUSTRALIA,Bathing,F,22,"Left arm severed above elbow, recovered 5 days afterwards from sharks gut",N,
4314,1948,Unprovoked,IRAN,Bathing or washing,F,60,"FATAL, left arm & left buttock severed ",Y,
4383,1946,Unprovoked,AUSTRALIA,Swimming,F,14,"FATAL, left leg severed, right leg injured  ",Y,
4387,1946,Unprovoked,PERSIAN GULF,Bitten after dhow shipwrecked,F,27,"Abdomen bitten, but she survived. Most of the 40 others that survived the wreck, were taken by sharks",N,
4402,1945,Unprovoked,PANAMA,Bathing with her mother,F,81,Foot bitten,N,
4419,1944,Unprovoked,USA,Bathing,F,15,Left calf bitten,N,
4463,1942,Unprovoked,AUSTRALIA,Dog paddling or standing,F,15,"FATAL, legs bitten ",Y,10h50
4491,1942,Unprovoked,AUSTRALIA,Swimming,F,28,"FATAL, bitten in two  ",Y,15h00
4550,1940,Unprovoked,NEW GUINEA,,F,27,FATAL,Y,
4574,1939,Sea Disaster,SRI LANKA,She was on a ship that was torpedoes & was in the water awaiting rescue,F,27,Leg severely bitten,N,
4656,1936,Provoked,AUSTRALIA,Touching the mouth of a supposedly dead shark,F,27,Finger bitten PROVOKED INCIDENT,N,
4673,1935,Unprovoked,CROATIA,Swimming,F,22,FATAL,Y,15h00
4681,1935,Unprovoked,,Diving,F,27,Laceration to left leg,N,
4695,1934,Unprovoked,AUSTRALIA,Splashing,F,13,Hands severed,N,20h15
4699,1934,Unprovoked,AUSTRALIA,Bathing,F,38,FATAL,Y,
4706,1934,Unprovoked,CROATIA,Swimming,F,18,FATAL,Y,
4728,1933,Unprovoked,USA,Swimming,F,27,Foot bitten,N,
4732,1933,Unprovoked,USA,Standing,F,27,Left calf bitten,N,
4759,1932,Unprovoked,FIJI,Free diving with goggles,F,27,FATAL,Y,
4763,1932,Unprovoked,PHILIPPINES,Standing,F,27,"FATAL, torso bitten ",Y,
4774,1931,Unprovoked,USA,Swimming ,F,20,Right thigh & calf lacerated,N,
4828,1929,Unprovoked,AUSTRALIA,Bathing or body surfing ,F,17,Superficial lacerations on right leg,N,
4854,1929,Unprovoked,NEW ZEALAND,Bathing,F,27,"One was bitten on the leg, the other on the arm",N,
4881,1928,Unprovoked,COSTA RICA,Swimming,F,27,Right leg severely lacerated. Surgically amputated,N,
4886,1928,Unprovoked,SOUTH AFRICA,,F,27,Leg lacerated,N,
4921,1926,Unprovoked,USA,Swimming,F,27,Right leg bitten thigh to heel,N,17h30
4922,1926,Unprovoked,AUSTRALIA,Swimming ,F,27,FATAL,Y,15h45
4927,1926,Unprovoked,SINGAPORE,Dived onto shark from floating stage,F,27,"FATAL, femoral artery severed ",Y,
4934,1925,Unprovoked,USA,Swimming,F,27,"Multiple lacerations on both thighs, right buttock and hip",N,
4943,1924,Unprovoked,MEXICO,The Ward liner Esperanza stranded during a gale & she leapt overboard to rescue her dog which had been swept overboard.,F,27,FATAL,Y,
4957,1924,Unprovoked,AUSTRALIA,Bathing in 5' of water,F,30,"Legs severely bitten, surgically amputated",N,19h00
4984,1922,Unprovoked,USA,Bathing,F,27,"FATAL, hip & thigh bitten with  tissue removed, including bone ",Y,
4992,1922,Unprovoked,USA,Floating,F,18,"FATAL, thigh bitten",Y,
4997,1922,Unprovoked,JAMAICA,Standing,F,14,"FATAL, right leg severed at thigh ",Y,
5025,1920,Unprovoked,SOUTH AFRICA,Floating face down,F,18,Abdomen bitten,N,17h30
5029,1920,Unprovoked,NEW ZEALAND,,F,27,"""Recovered""",N,
5040,1919,Unprovoked,NEW ZEALAND,Swimming,F,27,Leg bitten,N,Afternoon
5044,1919,Unprovoked,USA,Swimming,F,27,Leg severed,N,
5063,1916,Unprovoked,AUSTRALIA,Swimming 10 m from shore,F,27,Leg nipped by shark,N,08h58
5099,1914,Sea Disaster,SAMOA,Copra vessel with 19 on board was wrecked in a squall,F,27,Thigh bitten,N,
5102,1914,Unprovoked,CROATIA,Washing clothes,F,27,"No injury, shark grabbed clothes",N,
5108,1914,Provoked,USA,Fishing,F,27,PROVOKED INCIDENT Lacerations to right hand by hooked shark,N,Afternoon
5113,1914,Unprovoked,AUSTRALIA,Wading,F,27,Laceration to leg,N,
5114,1914,Unprovoked,SOUTH AFRICA,,F,27,No details,UNKNOWN,
5182,1909,Unprovoked,MEXICO,Bathing,F,27,FATAL,Y,
5188,1909,Sea Disaster,SOUTH AFRICA,Wreck of the 1308-ton Norwegian ship Auckland,F,27,FATAL,Y,
5198,1908,Unprovoked,CROATIA,Boating,F,27,"FATAL, lost a leg",Y,
5213,1907,Unprovoked,CROATIA,Swimming,F,27,FATAL,Y,
5214,1907,Unprovoked,CROATIA,Swimming,F,27,FATAL,Y,
5217,1907,Unprovoked,CROATIA,Swimming,F,27,FATAL,Y,
5358,1898,Unprovoked,JAMAICA,Trailing hand in the water,F,27,"Hand lacerated, 2 fingers severed",N,
5409,1894,Unprovoked,FIJI,Dangling feet in the water,F,27,Foot severed,N,
5411,1894,Unprovoked,USA,Swimming,F,27,No injury,UNKNOWN,
5418,1894,Unprovoked,BURMA,Bathing,F,27,FATAL,Y,
5419,1894,Unprovoked,BURMA,Bathing,F,27,FATAL ,Y,
5425,1893,Unprovoked,FIJI,Canoe swamped,F,27,FATAL,Y,
5435,1892,Unprovoked,AUSTRALIA,Swimming,F,27,Abrasions to left leg,N,
5529,1884,Provoked,FRANCE,,F,27,FATAL            Leg severed by harpooned shark PROVOKED INCIDENT,Y,02h00
5533,1884,Unprovoked,AUSTRALIA,Fell overboard,F,27,FATAL,Y,
5569,1880,Unprovoked,INDIA,Bathing in river,F,60,"Hands, forearm & left thigh lacerated, radial artery severed",N,
5574,1880,Unprovoked,AUSTRALIA,Bathing,F,13,Lacerations to leg,N,
5595,1878,Unprovoked,PHILIPPINES,,F,27,FATAL,Y,
5610,1877,Unprovoked,AUSTRALIA,Swimming,F,27,Ankle injured,N,
5698,1862,Unprovoked,SPAIN,Bathing,F,27,Survived,N,
5705,1862,Unprovoked,USA,,F,27,Ankle bitten,N,
5730,1855,Unprovoked,AUSTRALIA,Fell overboard from the Malacca,F,2,FATAL,Y,
5760,1849,Unprovoked,USA,Bathing,F,27,FATAL,Y,
5798,1834,Unprovoked,FRENCH POLYNESIA,Swimming,F,27,FATAL,Y,
5799,1832,Unprovoked,AUSTRALIA,Fishing,F,27,Leg severed,N,
5832,1800,Unprovoked,SEYCHELLES,a corsair's boat was overturned,F,27,"FATAL, all onboard were killed by sharks",Y,
5833,1791,Unprovoked,AUSTRALIA,,F,27,"FATAL, ""bitten in two""",Y,
