,Year,Ocean_Sea
0,2016,NORTH_ATLANTIC
1,2016,NORTH_ATLANTIC
2,2016,NORTH_ATLANTIC
6,2016,NORTH_ATLANTIC
7,2016,NORTH_PACIFIC
9,2016,NORTH_ATLANTIC
11,2016,NORTH_ATLANTIC
12,2016,NORTH_PACIFIC
13,2016,NORTH_ATLANTIC
14,2016,NORTH_ATLANTIC
16,2016,NORTH_ATLANTIC
17,2016,NORTH_ATLANTIC
18,2016,NORTH_PACIFIC
19,2016,NORTH_ATLANTIC
23,2016,NORTH_ATLANTIC
27,2016,NORTH_ATLANTIC
29,2016,GULF_OF_MEXICO
30,2016,NORTH_ATLANTIC
31,2016,NORTH_ATLANTIC
32,2016,NORTH_ATLANTIC
33,2016,NORTH_ATLANTIC
35,2016,NORTH_PACIFIC
36,2016,NORTH_ATLANTIC
37,2016,NORTH_PACIFIC
38,2016,NORTH_ATLANTIC
40,2016,NORTH_ATLANTIC
41,2016,NORTH_ATLANTIC
42,2016,CARIBBEAN_SEA
44,2016,NORTH_ATLANTIC
45,2016,NORTH_ATLANTIC
46,2016,NORTH_PACIFIC
48,2016,GULF_OF_MEXICO
49,2016,NORTH_ATLANTIC
50,2016,NORTH_ATLANTIC
51,2016,NORTH_ATLANTIC
57,2016,NORTH_PACIFIC
58,2016,NORTH_ATLANTIC
59,2016,NORTH_ATLANTIC
60,2016,NORTH_ATLANTIC
61,2016,NORTH_ATLANTIC
62,2016,NORTH_ATLANTIC
63,2016,NORTH_ATLANTIC
64,2016,NORTH_PACIFIC
67,2016,NORTH_ATLANTIC
71,2016,NORTH_ATLANTIC
74,2016,NORTH_ATLANTIC
75,2016,NORTH_ATLANTIC
76,2016,NORTH_PACIFIC
78,2016,NORTH_ATLANTIC
80,2016,NORTH_ATLANTIC
81,2016,NORTH_PACIFIC
82,2016,NORTH_ATLANTIC
84,2016,NORTH_ATLANTIC
86,2016,SOUTH_ATLANTIC
89,2016,CARIBBEAN_SEA
90,2016,CARIBBEAN_SEA
95,2016,NORTH_PACIFIC
96,2016,NORTH_PACIFIC
97,2016,GULF_OF_MEXICO
99,2016,NORTH_PACIFIC
105,2015,NORTH_PACIFIC
107,2015,SOUTH_ATLANTIC
110,2015,NORTH_ATLANTIC
112,2015,NORTH_ATLANTIC
113,2015,NORTH_ATLANTIC
114,2015,NORTH_ATLANTIC
116,2015,NORTH_ATLANTIC
117,2015,NORTH_PACIFIC
118,2015,NORTH_ATLANTIC
121,2015,NORTH_PACIFIC
123,2015,NORTH_ATLANTIC
124,2015,NORTH_ATLANTIC
126,2015,NORTH_PACIFIC
127,2015,NORTH_PACIFIC
128,2015,NORTH_PACIFIC
129,2015,NORTH_ATLANTIC
130,2015,NORTH_PACIFIC
133,2015,NORTH_ATLANTIC
134,2015,GULF_OF_MEXICO
135,2015,NORTH_ATLANTIC
136,2015,NORTH_ATLANTIC
138,2015,NORTH_PACIFIC
139,2015,NORTH_ATLANTIC
140,2015,NORTH_PACIFIC
141,2015,NORTH_ATLANTIC
142,2015,NORTH_ATLANTIC
143,2015,NORTH_ATLANTIC
144,2015,NORTH_ATLANTIC
146,2015,NORTH_PACIFIC
147,2015,NORTH_PACIFIC
149,2015,NORTH_ATLANTIC
152,2015,NORTH_PACIFIC
153,2015,NORTH_PACIFIC
154,2015,NORTH_ATLANTIC
156,2015,NORTH_ATLANTIC
157,2015,NORTH_ATLANTIC
158,2015,NORTH_PACIFIC
160,2015,NORTH_PACIFIC
162,2015,NORTH_ATLANTIC
163,2015,NORTH_ATLANTIC
165,2015,NORTH_PACIFIC
169,2015,NORTH_PACIFIC
170,2015,NORTH_PACIFIC
172,2015,NORTH_ATLANTIC
173,2015,NORTH_ATLANTIC
176,2015,NORTH_ATLANTIC
178,2015,NORTH_ATLANTIC
179,2015,NORTH_ATLANTIC
181,2015,NORTH_ATLANTIC
183,2015,NORTH_ATLANTIC
185,2015,NORTH_ATLANTIC
186,2015,NORTH_ATLANTIC
188,2015,NORTH_ATLANTIC
189,2015,CARIBBEAN_SEA
190,2015,NORTH_ATLANTIC
191,2015,NORTH_ATLANTIC
192,2015,NORTH_ATLANTIC
193,2015,NORTH_PACIFIC
194,2015,NORTH_ATLANTIC
195,2015,NORTH_ATLANTIC
196,2015,NORTH_ATLANTIC
198,2015,NORTH_ATLANTIC
199,2015,NORTH_ATLANTIC
201,2015,NORTH_ATLANTIC
202,2015,NORTH_ATLANTIC
203,2015,NORTH_ATLANTIC
205,2015,NORTH_ATLANTIC
208,2015,NORTH_PACIFIC
209,2015,NORTH_ATLANTIC
212,2015,NORTH_ATLANTIC
215,2015,SOUTH_ATLANTIC
216,2015,NORTH_ATLANTIC
220,2015,NORTH_PACIFIC
223,2015,NORTH_PACIFIC
231,2015,NORTH_PACIFIC
233,2015,NORTH_ATLANTIC
237,2015,NORTH_ATLANTIC
238,2015,NORTH_ATLANTIC
240,2015,NORTH_ATLANTIC
245,2014,NORTH_PACIFIC
253,2014,NORTH_ATLANTIC
254,2014,NORTH_PACIFIC
255,2014,NORTH_PACIFIC
257,2014,NORTH_ATLANTIC
258,2014,NORTH_PACIFIC
260,2014,NORTH_PACIFIC
261,2014,NORTH_PACIFIC
262,2014,NORTH_PACIFIC
263,2014,NORTH_PACIFIC
265,2014,NORTH_ATLANTIC
266,2014,NORTH_ATLANTIC
267,2014,NORTH_ATLANTIC
269,2014,NORTH_ATLANTIC
270,2014,NORTH_ATLANTIC
271,2014,NORTH_PACIFIC
272,2014,NORTH_PACIFIC
273,2014,NORTH_PACIFIC
275,2014,NORTH_ATLANTIC
277,2014,NORTH_PACIFIC
279,2014,GULF_OF_MEXICO
280,2014,NORTH_ATLANTIC
281,2014,NORTH_ATLANTIC
283,2014,NORTH_ATLANTIC
284,2014,NORTH_ATLANTIC
285,2014,NORTH_ATLANTIC
286,2014,NORTH_ATLANTIC
288,2014,NORTH_ATLANTIC
289,2014,NORTH_ATLANTIC
290,2014,NORTH_ATLANTIC
291,2014,NORTH_ATLANTIC
293,2014,NORTH_ATLANTIC
294,2014,NORTH_ATLANTIC
295,2014,NORTH_ATLANTIC
296,2014,NORTH_ATLANTIC
297,2014,NORTH_ATLANTIC
298,2014,NORTH_ATLANTIC
299,2014,NORTH_ATLANTIC
300,2014,NORTH_ATLANTIC
301,2014,NORTH_ATLANTIC
304,2014,NORTH_ATLANTIC
306,2014,NORTH_ATLANTIC
308,2014,NORTH_PACIFIC
309,2014,NORTH_ATLANTIC
310,2014,NORTH_ATLANTIC
311,2014,NORTH_ATLANTIC
312,2014,NORTH_ATLANTIC
313,2014,NORTH_PACIFIC
314,2014,NORTH_PACIFIC
315,2014,NORTH_ATLANTIC
316,2014,CARIBBEAN_SEA
317,2014,NORTH_ATLANTIC
321,2014,SOUTH_ATLANTIC
322,2014,NORTH_ATLANTIC
325,2014,GULF_OF_MEXICO
326,2014,NORTH_ATLANTIC
328,2014,NORTH_PACIFIC
332,2015,SOUTH_PACIFIC
333,2014,NORTH_ATLANTIC
335,2014,NORTH_ATLANTIC
336,2014,GULF_OF_MEXICO
337,2014,NORTH_ATLANTIC
338,2014,NORTH_ATLANTIC
339,2014,NORTH_ATLANTIC
341,2014,NORTH_ATLANTIC
342,2014,NORTH_ATLANTIC
345,2014,NORTH_ATLANTIC
346,2014,NORTH_ATLANTIC
350,2014,NORTH_ATLANTIC
351,2014,NORTH_ATLANTIC
354,2014,CARIBBEAN_SEA
357,2014,NORTH_ATLANTIC
361,2014,CARIBBEAN_SEA
370,2013,NORTH_PACIFIC
371,2013,NORTH_ATLANTIC
373,2013,NORTH_PACIFIC
375,2013,NORTH_PACIFIC
377,2013,NORTH_PACIFIC
379,2013,NORTH_ATLANTIC
380,2013,NORTH_ATLANTIC
381,2013,NORTH_ATLANTIC
382,2013,NORTH_PACIFIC
387,2013,NORTH_PACIFIC
388,2013,NORTH_PACIFIC
389,2013,NORTH_ATLANTIC
392,2013,NORTH_PACIFIC
393,2013,NORTH_ATLANTIC
394,2013,NORTH_ATLANTIC
396,2013,NORTH_ATLANTIC
397,2013,NORTH_ATLANTIC
398,2013,NORTH_ATLANTIC
399,2013,NORTH_ATLANTIC
400,2013,NORTH_ATLANTIC
401,2013,NORTH_ATLANTIC
402,2013,NORTH_ATLANTIC
403,2013,NORTH_ATLANTIC
404,2013,NORTH_ATLANTIC
405,2013,NORTH_ATLANTIC
406,2013,NORTH_ATLANTIC
407,2013,NORTH_ATLANTIC
408,2013,NORTH_ATLANTIC
409,2013,NORTH_PACIFIC
410,2013,NORTH_PACIFIC
412,2013,NORTH_ATLANTIC
414,2013,NORTH_PACIFIC
415,2013,NORTH_PACIFIC
416,2013,NORTH_PACIFIC
417,2013,NORTH_PACIFIC
418,2013,NORTH_ATLANTIC
420,2013,NORTH_ATLANTIC
421,2013,NORTH_PACIFIC
422,2013,NORTH_ATLANTIC
423,2013,NORTH_ATLANTIC
424,2013,GULF_OF_MEXICO
425,2013,NORTH_PACIFIC
426,2013,NORTH_ATLANTIC
427,2013,NORTH_ATLANTIC
428,2013,SOUTH_ATLANTIC
429,2013,GULF_OF_MEXICO
430,2013,NORTH_ATLANTIC
433,2013,NORTH_ATLANTIC
437,2013,CARIBBEAN_SEA
438,2013,NORTH_PACIFIC
439,2013,NORTH_ATLANTIC
440,2013,NORTH_ATLANTIC
441,2013,NORTH_PACIFIC
442,2013,GULF_OF_MEXICO
444,2013,NORTH_ATLANTIC
445,2013,NORTH_ATLANTIC
446,2013,NORTH_ATLANTIC
448,2013,NORTH_PACIFIC
449,2013,NORTH_ATLANTIC
450,2013,SOUTH_ATLANTIC
452,2013,SOUTH_PACIFIC
453,2013,NORTH_PACIFIC
455,2013,NORTH_ATLANTIC
457,2013,GULF_OF_MEXICO
459,2013,NORTH_ATLANTIC
461,2013,NORTH_ATLANTIC
464,2013,NORTH_ATLANTIC
466,2013,NORTH_PACIFIC
470,2013,NORTH_ATLANTIC
473,2013,CARIBBEAN_SEA
478,2013,NORTH_PACIFIC
479,2013,NORTH_PACIFIC
480,2013,NORTH_ATLANTIC
482,2013,CARIBBEAN_SEA
486,2013,NORTH_PACIFIC
489,2012,NORTH_ATLANTIC
494,2012,NORTH_PACIFIC
497,2012,NORTH_PACIFIC
499,2012,NORTH_PACIFIC
500,2012,NORTH_ATLANTIC
501,2012,NORTH_PACIFIC
502,2012,NORTH_PACIFIC
503,2012,NORTH_PACIFIC
504,2012,NORTH_PACIFIC
505,2012,NORTH_PACIFIC
506,2012,NORTH_ATLANTIC
507,2012,NORTH_ATLANTIC
508,2012,NORTH_PACIFIC
509,2012,NORTH_ATLANTIC
511,2012,NORTH_PACIFIC
513,2012,NORTH_ATLANTIC
514,2012,NORTH_ATLANTIC
515,2012,NORTH_ATLANTIC
517,2012,NORTH_ATLANTIC
518,2012,NORTH_ATLANTIC
519,2012,NORTH_ATLANTIC
520,2012,NORTH_ATLANTIC
521,2012,NORTH_ATLANTIC
522,2012,NORTH_ATLANTIC
523,2012,NORTH_ATLANTIC
524,2012,NORTH_PACIFIC
525,2012,NORTH_ATLANTIC
528,2012,SOUTH_ATLANTIC
529,2012,GULF_OF_MEXICO
531,2012,NORTH_ATLANTIC
534,2012,NORTH_PACIFIC
536,2012,NORTH_PACIFIC
537,2012,NORTH_ATLANTIC
538,2012,NORTH_ATLANTIC
540,2012,CARIBBEAN_SEA
541,2012,NORTH_ATLANTIC
543,2012,NORTH_ATLANTIC
544,2012,NORTH_ATLANTIC
546,2012,NORTH_PACIFIC
549,2012,NORTH_ATLANTIC
550,2012,NORTH_ATLANTIC
551,2012,NORTH_PACIFIC
553,2012,NORTH_ATLANTIC
555,2012,NORTH_ATLANTIC
556,2012,NORTH_ATLANTIC
557,2012,NORTH_ATLANTIC
558,2012,NORTH_ATLANTIC
559,2012,NORTH_ATLANTIC
560,2012,NORTH_ATLANTIC
561,2012,NORTH_ATLANTIC
565,2012,NORTH_ATLANTIC
566,2012,NORTH_ATLANTIC
567,2012,NORTH_ATLANTIC
568,2012,NORTH_PACIFIC
569,2012,NORTH_ATLANTIC
570,2012,NORTH_PACIFIC
572,2012,NORTH_PACIFIC
573,2012,NORTH_ATLANTIC
574,2012,NORTH_PACIFIC
575,2012,NORTH_ATLANTIC
578,2012,NORTH_PACIFIC
579,2012,NORTH_ATLANTIC
581,2012,NORTH_ATLANTIC
584,2012,NORTH_ATLANTIC
585,2012,NORTH_ATLANTIC
586,2012,NORTH_ATLANTIC
590,2012,NORTH_ATLANTIC
592,2012,SOUTH_PACIFIC
593,2012,NORTH_ATLANTIC
597,2012,NORTH_ATLANTIC
598,2012,NORTH_PACIFIC
603,2012,NORTH_PACIFIC
606,2011,NORTH_ATLANTIC
607,2011,CARIBBEAN_SEA
608,2011,SOUTH_PACIFIC
609,2011,NORTH_ATLANTIC
610,2011,NORTH_PACIFIC
615,2011,NORTH_PACIFIC
620,2011,NORTH_PACIFIC
622,2011,SOUTH_ATLANTIC
624,2011,NORTH_PACIFIC
628,2011,NORTH_PACIFIC
630,2011,NORTH_ATLANTIC
631,2011,NORTH_PACIFIC
634,2011,NORTH_ATLANTIC
635,2011,GULF_OF_MEXICO
636,2011,CARIBBEAN_SEA
637,2011,CARIBBEAN_SEA
639,2011,NORTH_ATLANTIC
640,2011,NORTH_ATLANTIC
641,2011,NORTH_PACIFIC
644,2011,NORTH_ATLANTIC
645,2011,NORTH_PACIFIC
647,2011,NORTH_PACIFIC
649,2011,NORTH_ATLANTIC
650,2011,NORTH_ATLANTIC
652,2011,GULF_OF_MEXICO
654,2011,NORTH_ATLANTIC
655,2011,NORTH_ATLANTIC
658,2011,NORTH_ATLANTIC
659,2011,NORTH_ATLANTIC
662,2011,CARIBBEAN_SEA
664,2011,NORTH_ATLANTIC
665,2011,NORTH_ATLANTIC
667,2011,SOUTH_ATLANTIC
669,2011,NORTH_ATLANTIC
671,2011,NORTH_ATLANTIC
673,2011,GULF_OF_MEXICO
674,2011,NORTH_ATLANTIC
675,2011,GULF_OF_MEXICO
676,2011,GULF_OF_MEXICO
679,2011,CARIBBEAN_SEA
680,2011,SOUTH_ATLANTIC
682,2011,NORTH_ATLANTIC
683,2011,NORTH_PACIFIC
684,2011,NORTH_ATLANTIC
685,2011,CARIBBEAN_SEA
686,2011,NORTH_PACIFIC
689,2011,NORTH_ATLANTIC
690,2011,CARIBBEAN_SEA
691,2011,NORTH_PACIFIC
692,2011,NORTH_ATLANTIC
694,2011,GULF_OF_MEXICO
696,2011,NORTH_PACIFIC
697,2011,NORTH_PACIFIC
700,2011,NORTH_ATLANTIC
701,2011,NORTH_ATLANTIC
702,2011,NORTH_ATLANTIC
705,2011,NORTH_ATLANTIC
707,2011,NORTH_ATLANTIC
711,2011,GULF_OF_MEXICO
712,2011,GULF_OF_MEXICO
714,2011,GULF_OF_MEXICO
725,2011,CARIBBEAN_SEA
727,2011,GULF_OF_MEXICO
728,2011,CARIBBEAN_SEA
729,2011,NORTH_ATLANTIC
732,2011,GULF_OF_MEXICO
734,2010,NORTH_PACIFIC
736,2010,NORTH_PACIFIC
745,2010,NORTH_PACIFIC
746,2010,CARIBBEAN_SEA
751,2010,NORTH_PACIFIC
753,2010,NORTH_ATLANTIC
755,2010,NORTH_PACIFIC
758,2010,NORTH_ATLANTIC
759,2010,NORTH_ATLANTIC
761,2010,NORTH_PACIFIC
762,2010,NORTH_ATLANTIC
765,2010,NORTH_ATLANTIC
767,2010,NORTH_ATLANTIC
768,2010,NORTH_ATLANTIC
769,2010,NORTH_ATLANTIC
771,2010,NORTH_ATLANTIC
772,2010,NORTH_ATLANTIC
774,2010,NORTH_PACIFIC
778,2010,NORTH_ATLANTIC
780,2010,NORTH_ATLANTIC
781,2010,NORTH_PACIFIC
782,2010,NORTH_ATLANTIC
783,2010,NORTH_ATLANTIC
784,2010,NORTH_ATLANTIC
785,2010,NORTH_ATLANTIC
786,2010,NORTH_ATLANTIC
787,2010,NORTH_ATLANTIC
789,2010,GULF_OF_MEXICO
790,2010,NORTH_ATLANTIC
792,2010,NORTH_ATLANTIC
793,2010,NORTH_PACIFIC
794,2010,NORTH_PACIFIC
795,2010,GULF_OF_MEXICO
796,2010,NORTH_ATLANTIC
797,2010,NORTH_ATLANTIC
799,2010,NORTH_ATLANTIC
801,2010,NORTH_ATLANTIC
802,2010,NORTH_ATLANTIC
807,2010,NORTH_ATLANTIC
808,2010,NORTH_ATLANTIC
809,2010,NORTH_PACIFIC
820,2010,NORTH_ATLANTIC
822,2010,NORTH_ATLANTIC
824,2010,SOUTH_ATLANTIC
833,2010,NORTH_ATLANTIC
845,2009,NORTH_ATLANTIC
846,2009,NORTH_PACIFIC
847,2009,NORTH_ATLANTIC
848,2009,NORTH_PACIFIC
849,2009,NORTH_ATLANTIC
850,2009,NORTH_ATLANTIC
851,2009,NORTH_ATLANTIC
853,2009,NORTH_PACIFIC
857,2009,NORTH_PACIFIC
858,2009,NORTH_PACIFIC
859,2009,CARIBBEAN_SEA
862,2009,NORTH_PACIFIC
864,2009,NORTH_ATLANTIC
867,2009,SOUTH_ATLANTIC
868,2009,NORTH_ATLANTIC
869,2009,SOUTH_ATLANTIC
872,2009,NORTH_PACIFIC
874,2009,NORTH_PACIFIC
876,2009,NORTH_ATLANTIC
877,2009,NORTH_PACIFIC
878,2009,NORTH_ATLANTIC
879,2009,NORTH_ATLANTIC
883,2009,GULF_OF_MEXICO
885,2009,NORTH_ATLANTIC
886,2009,NORTH_ATLANTIC
888,2009,NORTH_ATLANTIC
889,2009,NORTH_PACIFIC
891,2009,NORTH_ATLANTIC
892,2009,NORTH_ATLANTIC
894,2009,NORTH_PACIFIC
895,2009,NORTH_ATLANTIC
901,2009,NORTH_ATLANTIC
902,2009,NORTH_ATLANTIC
903,2009,NORTH_ATLANTIC
904,2009,NORTH_ATLANTIC
906,2009,NORTH_ATLANTIC
907,2009,NORTH_ATLANTIC
908,2009,NORTH_PACIFIC
909,2009,NORTH_ATLANTIC
911,2009,NORTH_ATLANTIC
913,2009,NORTH_ATLANTIC
914,2009,NORTH_PACIFIC
916,2009,NORTH_PACIFIC
917,2009,NORTH_ATLANTIC
923,2009,NORTH_ATLANTIC
925,2009,NORTH_PACIFIC
935,2009,CARIBBEAN_SEA
939,2009,SOUTH_ATLANTIC
940,2009,CARIBBEAN_SEA
944,2009,SOUTH_ATLANTIC
952,2009,SOUTH_PACIFIC
954,2009,CARIBBEAN_SEA
960,2008,NORTH_PACIFIC
967,2008,SOUTH_PACIFIC
975,2008,NORTH_ATLANTIC
977,2008,NORTH_ATLANTIC
978,2008,NORTH_ATLANTIC
980,2008,NORTH_ATLANTIC
981,2008,NORTH_PACIFIC
982,2008,NORTH_PACIFIC
984,2008,NORTH_ATLANTIC
985,2008,NORTH_ATLANTIC
986,2008,NORTH_ATLANTIC
987,2008,NORTH_ATLANTIC
989,2008,NORTH_PACIFIC
991,2008,NORTH_ATLANTIC
992,2008,NORTH_ATLANTIC
993,2008,NORTH_ATLANTIC
994,2008,NORTH_ATLANTIC
995,2008,NORTH_ATLANTIC
996,2008,NORTH_ATLANTIC
997,2008,CARIBBEAN_SEA
998,2008,NORTH_ATLANTIC
999,2008,NORTH_PACIFIC
1003,2008,NORTH_PACIFIC
1004,2008,NORTH_PACIFIC
1005,2008,NORTH_ATLANTIC
1006,2008,NORTH_PACIFIC
1007,2008,NORTH_ATLANTIC
1008,2008,NORTH_ATLANTIC
1009,2008,NORTH_ATLANTIC
1010,2008,NORTH_ATLANTIC
1012,2008,NORTH_ATLANTIC
1013,2008,NORTH_ATLANTIC
1014,2008,NORTH_ATLANTIC
1015,2008,NORTH_ATLANTIC
1017,2008,NORTH_PACIFIC
1018,2008,NORTH_ATLANTIC
1021,2008,NORTH_ATLANTIC
1022,2008,NORTH_ATLANTIC
1023,2008,SOUTH_ATLANTIC
1024,2008,NORTH_PACIFIC
1025,2008,NORTH_ATLANTIC
1026,2008,SOUTH_ATLANTIC
1027,2008,NORTH_ATLANTIC
1029,2008,NORTH_ATLANTIC
1030,2008,SOUTH_ATLANTIC
1031,2008,NORTH_ATLANTIC
1032,2008,NORTH_ATLANTIC
1033,2008,NORTH_PACIFIC
1034,2008,NORTH_PACIFIC
1038,2008,NORTH_ATLANTIC
1040,2008,NORTH_PACIFIC
1041,2008,NORTH_ATLANTIC
1042,2008,NORTH_ATLANTIC
1044,2008,NORTH_ATLANTIC
1045,2008,NORTH_PACIFIC
1046,2008,NORTH_ATLANTIC
1049,2008,GULF_OF_MEXICO
1051,2008,NORTH_ATLANTIC
1052,2008,NORTH_ATLANTIC
1054,2008,NORTH_ATLANTIC
1056,2008,NORTH_ATLANTIC
1058,2008,NORTH_ATLANTIC
1059,2008,NORTH_ATLANTIC
1060,2008,NORTH_ATLANTIC
1061,2008,NORTH_ATLANTIC
1062,2008,NORTH_ATLANTIC
1063,2008,NORTH_PACIFIC
1064,2008,NORTH_ATLANTIC
1066,2008,NORTH_ATLANTIC
1068,2008,NORTH_ATLANTIC
1073,2008,NORTH_ATLANTIC
1074,2008,NORTH_ATLANTIC
1075,2008,NORTH_PACIFIC
1076,2007,SOUTH_PACIFIC
1081,2007,NORTH_PACIFIC
1083,2007,SOUTH_ATLANTIC
1087,2007,NORTH_ATLANTIC
1088,2007,NORTH_ATLANTIC
1090,2007,NORTH_PACIFIC
1091,2007,NORTH_PACIFIC
1094,2007,NORTH_PACIFIC
1095,2007,NORTH_ATLANTIC
1096,2007,NORTH_PACIFIC
1099,2007,NORTH_ATLANTIC
1100,2007,NORTH_PACIFIC
1102,2007,NORTH_ATLANTIC
1103,2007,NORTH_ATLANTIC
1104,2007,NORTH_ATLANTIC
1106,2007,NORTH_ATLANTIC
1107,2007,NORTH_ATLANTIC
1108,2007,NORTH_ATLANTIC
1109,2007,NORTH_ATLANTIC
1110,2007,NORTH_ATLANTIC
1111,2007,NORTH_ATLANTIC
1112,2007,NORTH_ATLANTIC
1113,2007,NORTH_ATLANTIC
1114,2007,NORTH_PACIFIC
1115,2007,NORTH_PACIFIC
1116,2007,NORTH_ATLANTIC
1117,2007,NORTH_ATLANTIC
1118,2007,NORTH_ATLANTIC
1119,2007,NORTH_ATLANTIC
1120,2007,NORTH_ATLANTIC
1121,2007,NORTH_ATLANTIC
1122,2007,NORTH_ATLANTIC
1123,2007,NORTH_ATLANTIC
1124,2007,NORTH_ATLANTIC
1125,2007,NORTH_ATLANTIC
1126,2007,NORTH_ATLANTIC
1127,2007,NORTH_ATLANTIC
1128,2007,NORTH_ATLANTIC
1129,2007,NORTH_ATLANTIC
1130,2007,NORTH_PACIFIC
1131,2007,NORTH_PACIFIC
1132,2007,NORTH_PACIFIC
1133,2007,NORTH_PACIFIC
1135,2007,NORTH_ATLANTIC
1137,2007,NORTH_PACIFIC
1138,2007,NORTH_ATLANTIC
1139,2007,NORTH_ATLANTIC
1140,2007,NORTH_ATLANTIC
1143,2007,NORTH_ATLANTIC
1144,2007,NORTH_PACIFIC
1145,2007,NORTH_ATLANTIC
1146,2007,NORTH_PACIFIC
1147,2007,NORTH_ATLANTIC
1148,2007,NORTH_ATLANTIC
1150,2007,NORTH_ATLANTIC
1151,2007,NORTH_ATLANTIC
1155,2007,NORTH_ATLANTIC
1158,2007,NORTH_PACIFIC
1159,2007,NORTH_ATLANTIC
1160,2007,CARIBBEAN_SEA
1161,2007,NORTH_ATLANTIC
1163,2007,NORTH_ATLANTIC
1164,2007,NORTH_ATLANTIC
1165,2007,NORTH_ATLANTIC
1167,2007,NORTH_ATLANTIC
1168,2007,NORTH_ATLANTIC
1169,2007,NORTH_ATLANTIC
1171,2007,NORTH_ATLANTIC
1173,2007,NORTH_ATLANTIC
1175,2007,NORTH_ATLANTIC
1181,2007,NORTH_ATLANTIC
1186,2007,NORTH_ATLANTIC
1187,2007,NORTH_PACIFIC
1190,2006,NORTH_PACIFIC
1194,2006,NORTH_PACIFIC
1196,2006,NORTH_PACIFIC
1197,2006,NORTH_ATLANTIC
1198,2006,NORTH_ATLANTIC
1199,2006,GULF_OF_MEXICO
1200,2006,NORTH_ATLANTIC
1201,2006,NORTH_ATLANTIC
1204,2006,NORTH_ATLANTIC
1205,2006,NORTH_ATLANTIC
1206,2006,NORTH_ATLANTIC
1207,2006,NORTH_ATLANTIC
1208,2006,NORTH_ATLANTIC
1210,2006,SOUTH_ATLANTIC
1211,2006,NORTH_ATLANTIC
1212,2006,NORTH_ATLANTIC
1214,2006,NORTH_PACIFIC
1217,2006,SOUTH_ATLANTIC
1223,2006,NORTH_ATLANTIC
1225,2006,NORTH_ATLANTIC
1226,2006,NORTH_PACIFIC
1227,2006,NORTH_PACIFIC
1228,2006,NORTH_ATLANTIC
1230,2006,NORTH_ATLANTIC
1231,2006,GULF_OF_MEXICO
1233,2006,NORTH_ATLANTIC
1235,2006,NORTH_ATLANTIC
1236,2006,SOUTH_ATLANTIC
1237,2006,NORTH_ATLANTIC
1238,2006,NORTH_ATLANTIC
1239,2006,NORTH_ATLANTIC
1240,2006,NORTH_ATLANTIC
1241,2006,NORTH_ATLANTIC
1242,2006,NORTH_ATLANTIC
1243,2006,NORTH_ATLANTIC
1244,2006,NORTH_ATLANTIC
1245,2006,NORTH_ATLANTIC
1246,2006,NORTH_ATLANTIC
1247,2006,SOUTH_ATLANTIC
1248,2006,NORTH_PACIFIC
1249,2006,NORTH_ATLANTIC
1250,2006,NORTH_ATLANTIC
1252,2006,NORTH_PACIFIC
1253,2006,NORTH_PACIFIC
1254,2006,NORTH_PACIFIC
1255,2006,NORTH_PACIFIC
1256,2006,SOUTH_ATLANTIC
1257,2006,CARIBBEAN_SEA
1258,2006,NORTH_ATLANTIC
1259,2006,NORTH_ATLANTIC
1261,2006,NORTH_ATLANTIC
1262,2006,NORTH_ATLANTIC
1263,2006,NORTH_ATLANTIC
1264,2006,NORTH_ATLANTIC
1267,2006,SOUTH_ATLANTIC
1268,2006,NORTH_ATLANTIC
1270,2006,NORTH_PACIFIC
1274,2006,NORTH_PACIFIC
1275,2006,NORTH_PACIFIC
1281,2006,NORTH_PACIFIC
1285,2006,NORTH_PACIFIC
1287,2006,NORTH_ATLANTIC
1289,2006,NORTH_ATLANTIC
1291,2005,NORTH_PACIFIC
1292,2005,NORTH_PACIFIC
1296,2005,NORTH_ATLANTIC
1297,2005,NORTH_ATLANTIC
1302,2005,NORTH_ATLANTIC
1303,2005,NORTH_ATLANTIC
1306,2005,NORTH_ATLANTIC
1307,2005,NORTH_PACIFIC
1308,2005,NORTH_PACIFIC
1309,2005,NORTH_ATLANTIC
1312,2005,NORTH_PACIFIC
1313,2005,NORTH_PACIFIC
1314,2005,NORTH_ATLANTIC
1315,2005,NORTH_PACIFIC
1317,2005,NORTH_ATLANTIC
1318,2005,NORTH_ATLANTIC
1323,2005,NORTH_ATLANTIC
1324,2005,NORTH_ATLANTIC
1325,2005,NORTH_ATLANTIC
1327,2005,NORTH_ATLANTIC
1329,2005,NORTH_ATLANTIC
1332,2005,NORTH_PACIFIC
1333,2005,NORTH_ATLANTIC
1334,2005,NORTH_ATLANTIC
1335,2005,GULF_OF_MEXICO
1337,2005,NORTH_ATLANTIC
1338,2005,NORTH_ATLANTIC
1340,2005,NORTH_ATLANTIC
1341,2005,NORTH_ATLANTIC
1342,2005,NORTH_ATLANTIC
1346,2005,NORTH_ATLANTIC
1347,2005,GULF_OF_MEXICO
1348,2005,NORTH_ATLANTIC
1349,2005,NORTH_ATLANTIC
1350,2005,NORTH_ATLANTIC
1352,2005,NORTH_PACIFIC
1353,2005,NORTH_PACIFIC
1354,2005,NORTH_ATLANTIC
1356,2005,NORTH_ATLANTIC
1357,2005,NORTH_ATLANTIC
1359,2005,GULF_OF_MEXICO
1360,2005,NORTH_ATLANTIC
1361,2005,NORTH_ATLANTIC
1364,2005,NORTH_PACIFIC
1366,2005,NORTH_ATLANTIC
1367,2005,NORTH_PACIFIC
1372,2005,NORTH_ATLANTIC
1373,2005,NORTH_ATLANTIC
1374,2005,GULF_OF_MEXICO
1375,2005,NORTH_ATLANTIC
1376,2005,CARIBBEAN_SEA
1379,2005,CARIBBEAN_SEA
1386,2005,NORTH_ATLANTIC
1387,2005,NORTH_PACIFIC
1388,2005,NORTH_ATLANTIC
1389,2005,SOUTH_ATLANTIC
1390,2005,CARIBBEAN_SEA
1400,2004,NORTH_PACIFIC
1403,2004,CARIBBEAN_SEA
1407,2004,NORTH_PACIFIC
1408,2004,NORTH_PACIFIC
1411,2004,NORTH_PACIFIC
1412,2004,NORTH_PACIFIC
1414,2004,NORTH_PACIFIC
1415,2004,GULF_OF_MEXICO
1416,2004,SOUTH_ATLANTIC
1417,2004,NORTH_ATLANTIC
1418,2004,NORTH_ATLANTIC
1419,2004,SOUTH_ATLANTIC
1420,2004,NORTH_PACIFIC
1421,2004,NORTH_PACIFIC
1422,2004,NORTH_ATLANTIC
1425,2004,NORTH_ATLANTIC
1427,2004,NORTH_ATLANTIC
1428,2004,NORTH_ATLANTIC
1429,2004,GULF_OF_MEXICO
1430,2004,GULF_OF_MEXICO
1435,2004,GULF_OF_MEXICO
1436,2004,NORTH_PACIFIC
1438,2004,NORTH_ATLANTIC
1440,2004,NORTH_ATLANTIC
1442,2004,GULF_OF_MEXICO
1443,2004,SOUTH_ATLANTIC
1444,2004,NORTH_PACIFIC
1445,2004,NORTH_ATLANTIC
1446,2004,NORTH_ATLANTIC
1447,2004,NORTH_ATLANTIC
1448,2004,SOUTH_ATLANTIC
1449,2004,NORTH_ATLANTIC
1450,2004,GULF_OF_MEXICO
1451,2004,SOUTH_ATLANTIC
1456,2004,NORTH_PACIFIC
1458,2004,NORTH_PACIFIC
1459,2004,NORTH_ATLANTIC
1460,2004,NORTH_ATLANTIC
1461,2004,SOUTH_ATLANTIC
1462,2004,NORTH_ATLANTIC
1464,2004,NORTH_ATLANTIC
1465,2004,NORTH_PACIFIC
1467,2004,NORTH_PACIFIC
1469,2004,SOUTH_ATLANTIC
1476,2004,SOUTH_ATLANTIC
1478,2004,CARIBBEAN_SEA
1479,2004,CARIBBEAN_SEA
1487,2003,NORTH_ATLANTIC
1488,2003,NORTH_ATLANTIC
1494,2003,NORTH_ATLANTIC
1496,2003,NORTH_ATLANTIC
1501,2003,NORTH_ATLANTIC
1503,2003,NORTH_PACIFIC
1504,2003,NORTH_ATLANTIC
1505,2003,NORTH_PACIFIC
1506,2003,NORTH_ATLANTIC
1507,2003,NORTH_ATLANTIC
1508,2003,NORTH_ATLANTIC
1509,2003,NORTH_ATLANTIC
1510,2003,NORTH_ATLANTIC
1511,2003,NORTH_ATLANTIC
1512,2003,NORTH_PACIFIC
1514,2003,NORTH_ATLANTIC
1515,2003,NORTH_ATLANTIC
1516,2003,NORTH_ATLANTIC
1517,2003,NORTH_ATLANTIC
1518,2003,NORTH_ATLANTIC
1520,2003,NORTH_ATLANTIC
1521,2003,NORTH_ATLANTIC
1522,2003,NORTH_ATLANTIC
1524,2003,NORTH_ATLANTIC
1525,2003,GULF_OF_MEXICO
1526,2003,NORTH_PACIFIC
1527,2003,NORTH_PACIFIC
1530,2003,NORTH_ATLANTIC
1531,2003,NORTH_ATLANTIC
1532,2003,NORTH_ATLANTIC
1533,2003,NORTH_ATLANTIC
1534,2003,NORTH_ATLANTIC
1535,2003,NORTH_ATLANTIC
1536,2003,NORTH_ATLANTIC
1539,2003,NORTH_ATLANTIC
1540,2003,NORTH_ATLANTIC
1541,2003,SOUTH_ATLANTIC
1542,2003,NORTH_ATLANTIC
1543,2003,NORTH_PACIFIC
1545,2003,NORTH_ATLANTIC
1546,2003,NORTH_ATLANTIC
1547,2003,NORTH_ATLANTIC
1548,2003,NORTH_ATLANTIC
1549,2003,NORTH_ATLANTIC
1550,2003,NORTH_PACIFIC
1551,2003,NORTH_ATLANTIC
1552,2003,NORTH_ATLANTIC
1554,2003,SOUTH_ATLANTIC
1555,2003,SOUTH_ATLANTIC
1556,2003,SOUTH_ATLANTIC
1557,2003,SOUTH_ATLANTIC
1558,2003,NORTH_ATLANTIC
1559,2003,NORTH_ATLANTIC
1560,2003,NORTH_ATLANTIC
1561,2003,NORTH_ATLANTIC
1562,2003,NORTH_ATLANTIC
1563,2003,NORTH_ATLANTIC
1564,2003,NORTH_ATLANTIC
1565,2003,NORTH_ATLANTIC
1566,2003,CARIBBEAN_SEA
1567,2003,NORTH_ATLANTIC
1568,2003,NORTH_ATLANTIC
1569,2003,NORTH_ATLANTIC
1572,2003,NORTH_ATLANTIC
1576,2003,NORTH_PACIFIC
1583,2002,SOUTH_ATLANTIC
1585,2002,NORTH_PACIFIC
1586,2002,NORTH_PACIFIC
1587,2002,CARIBBEAN_SEA
1588,2002,NORTH_ATLANTIC
1589,2002,NORTH_ATLANTIC
1591,2002,NORTH_PACIFIC
1592,2002,SOUTH_ATLANTIC
1593,2002,NORTH_ATLANTIC
1594,2002,NORTH_ATLANTIC
1595,2002,NORTH_ATLANTIC
1596,2002,NORTH_ATLANTIC
1597,2002,NORTH_ATLANTIC
1598,2002,NORTH_ATLANTIC
1599,2002,NORTH_PACIFIC
1600,2002,NORTH_ATLANTIC
1602,2002,NORTH_PACIFIC
1603,2002,NORTH_PACIFIC
1604,2002,SOUTH_ATLANTIC
1605,2002,NORTH_PACIFIC
1607,2002,NORTH_ATLANTIC
1608,2002,NORTH_ATLANTIC
1609,2002,NORTH_PACIFIC
1610,2002,GULF_OF_MEXICO
1611,2002,NORTH_ATLANTIC
1612,2002,NORTH_ATLANTIC
1613,2002,NORTH_ATLANTIC
1615,2002,NORTH_ATLANTIC
1616,2002,NORTH_ATLANTIC
1617,2002,NORTH_ATLANTIC
1618,2002,NORTH_ATLANTIC
1619,2002,NORTH_ATLANTIC
1620,2002,SOUTH_ATLANTIC
1621,2002,NORTH_ATLANTIC
1623,2002,NORTH_ATLANTIC
1627,2002,NORTH_PACIFIC
1628,2002,NORTH_ATLANTIC
1629,2002,NORTH_ATLANTIC
1630,2002,NORTH_ATLANTIC
1632,2002,NORTH_PACIFIC
1633,2002,NORTH_ATLANTIC
1634,2002,NORTH_ATLANTIC
1635,2002,NORTH_ATLANTIC
1636,2002,NORTH_PACIFIC
1638,2002,NORTH_ATLANTIC
1639,2002,SOUTH_ATLANTIC
1643,2002,NORTH_ATLANTIC
1644,2002,NORTH_ATLANTIC
1646,2002,NORTH_ATLANTIC
1647,2002,NORTH_ATLANTIC
1648,2002,NORTH_ATLANTIC
1649,2002,NORTH_PACIFIC
1650,2002,NORTH_ATLANTIC
1651,2002,SOUTH_ATLANTIC
1652,2002,NORTH_ATLANTIC
1653,2002,NORTH_ATLANTIC
1654,2002,NORTH_ATLANTIC
1656,2002,CARIBBEAN_SEA
1663,2002,SOUTH_ATLANTIC
1665,2002,NORTH_PACIFIC
1668,2001,NORTH_PACIFIC
1672,2001,NORTH_PACIFIC
1674,2001,NORTH_ATLANTIC
1675,2001,NORTH_ATLANTIC
1676,2001,NORTH_ATLANTIC
1677,2001,NORTH_ATLANTIC
1678,2001,NORTH_ATLANTIC
1680,2001,NORTH_ATLANTIC
1681,2001,NORTH_ATLANTIC
1682,2001,NORTH_ATLANTIC
1683,2001,NORTH_ATLANTIC
1684,2001,NORTH_ATLANTIC
1685,2001,NORTH_ATLANTIC
1686,2001,NORTH_ATLANTIC
1687,2001,NORTH_ATLANTIC
1688,2001,NORTH_ATLANTIC
1689,2001,NORTH_ATLANTIC
1690,2001,NORTH_ATLANTIC
1691,2001,NORTH_ATLANTIC
1692,2001,NORTH_ATLANTIC
1693,2001,NORTH_ATLANTIC
1694,2001,NORTH_ATLANTIC
1695,2001,NORTH_ATLANTIC
1696,2001,NORTH_ATLANTIC
1697,2001,NORTH_ATLANTIC
1698,2001,NORTH_ATLANTIC
1699,2001,NORTH_ATLANTIC
1700,2001,NORTH_ATLANTIC
1702,2001,NORTH_ATLANTIC
1703,2001,NORTH_ATLANTIC
1705,2001,NORTH_ATLANTIC
1706,2001,NORTH_ATLANTIC
1707,2001,NORTH_ATLANTIC
1708,2001,NORTH_ATLANTIC
1709,2001,NORTH_ATLANTIC
1710,2001,NORTH_ATLANTIC
1711,2001,NORTH_PACIFIC
1712,2001,NORTH_ATLANTIC
1713,2001,NORTH_ATLANTIC
1714,2001,GULF_OF_MEXICO
1715,2001,GULF_OF_MEXICO
1716,2001,NORTH_PACIFIC
1718,2001,NORTH_ATLANTIC
1719,2001,GULF_OF_MEXICO
1720,2001,NORTH_ATLANTIC
1721,2001,NORTH_ATLANTIC
1726,2001,NORTH_ATLANTIC
1728,2001,NORTH_ATLANTIC
1729,2001,NORTH_ATLANTIC
1730,2001,NORTH_ATLANTIC
1731,2001,NORTH_ATLANTIC
1732,2001,NORTH_ATLANTIC
1733,2001,NORTH_ATLANTIC
1734,2001,NORTH_ATLANTIC
1735,2001,NORTH_ATLANTIC
1736,2001,NORTH_ATLANTIC
1737,2001,NORTH_ATLANTIC
1738,2001,NORTH_PACIFIC
1739,2001,NORTH_ATLANTIC
1742,2001,NORTH_ATLANTIC
1743,2001,SOUTH_ATLANTIC
1745,2001,NORTH_PACIFIC
1746,2001,NORTH_ATLANTIC
1747,2001,SOUTH_ATLANTIC
1748,2001,SOUTH_ATLANTIC
1749,2001,CARIBBEAN_SEA
1754,2001,CARIBBEAN_SEA
1756,2001,NORTH_PACIFIC
1761,2000,NORTH_ATLANTIC
1766,2000,NORTH_ATLANTIC
1767,2000,NORTH_ATLANTIC
1770,2000,NORTH_PACIFIC
1772,2000,NORTH_ATLANTIC
1773,2000,NORTH_PACIFIC
1774,2000,NORTH_ATLANTIC
1775,2000,NORTH_ATLANTIC
1776,2000,NORTH_ATLANTIC
1777,2000,NORTH_ATLANTIC
1778,2000,NORTH_ATLANTIC
1779,2000,NORTH_PACIFIC
1784,2000,NORTH_ATLANTIC
1785,2000,NORTH_ATLANTIC
1786,2000,NORTH_ATLANTIC
1787,2000,NORTH_ATLANTIC
1788,2000,NORTH_ATLANTIC
1791,2000,NORTH_ATLANTIC
1794,2000,NORTH_ATLANTIC
1795,2000,NORTH_ATLANTIC
1796,2000,NORTH_PACIFIC
1797,2000,NORTH_ATLANTIC
1798,2000,NORTH_PACIFIC
1799,2000,NORTH_ATLANTIC
1800,2000,NORTH_ATLANTIC
1801,2000,NORTH_ATLANTIC
1802,2000,NORTH_ATLANTIC
1804,2000,NORTH_ATLANTIC
1805,2000,NORTH_ATLANTIC
1806,2000,NORTH_ATLANTIC
1807,2000,NORTH_ATLANTIC
1812,2000,NORTH_ATLANTIC
1813,2000,NORTH_ATLANTIC
1814,2000,GULF_OF_MEXICO
1815,2000,NORTH_ATLANTIC
1816,2000,NORTH_ATLANTIC
1817,2000,NORTH_ATLANTIC
1818,2000,NORTH_ATLANTIC
1819,2000,NORTH_ATLANTIC
1823,2000,NORTH_ATLANTIC
1824,2000,NORTH_ATLANTIC
1825,2000,GULF_OF_MEXICO
1826,2000,GULF_OF_MEXICO
1827,2000,GULF_OF_MEXICO
1828,2000,NORTH_ATLANTIC
1834,2000,NORTH_ATLANTIC
1835,2000,NORTH_ATLANTIC
1836,2000,NORTH_ATLANTIC
1838,2000,NORTH_ATLANTIC
1839,2000,NORTH_ATLANTIC
1846,2000,NORTH_ATLANTIC
1847,2000,NORTH_ATLANTIC
1854,2000,NORTH_ATLANTIC
1858,1999,SOUTH_ATLANTIC
1859,1999,NORTH_PACIFIC
1860,1999,SOUTH_ATLANTIC
1861,1999,NORTH_ATLANTIC
1862,1999,NORTH_ATLANTIC
1863,1999,NORTH_PACIFIC
1864,1999,NORTH_PACIFIC
1866,1999,SOUTH_ATLANTIC
1869,1999,NORTH_ATLANTIC
1870,1999,NORTH_ATLANTIC
1871,1999,NORTH_ATLANTIC
1872,1999,NORTH_PACIFIC
1873,1999,NORTH_ATLANTIC
1875,1999,NORTH_ATLANTIC
1876,1999,NORTH_ATLANTIC
1877,1999,NORTH_ATLANTIC
1878,1999,NORTH_ATLANTIC
1879,1999,NORTH_ATLANTIC
1880,1999,NORTH_ATLANTIC
1881,1999,NORTH_ATLANTIC
1883,1999,NORTH_ATLANTIC
1884,1999,NORTH_ATLANTIC
1885,1999,NORTH_ATLANTIC
1886,1999,NORTH_ATLANTIC
1888,1999,NORTH_ATLANTIC
1889,1999,NORTH_PACIFIC
1891,1999,NORTH_ATLANTIC
1892,1999,NORTH_ATLANTIC
1894,1999,NORTH_ATLANTIC
1895,1999,NORTH_ATLANTIC
1896,1999,NORTH_ATLANTIC
1897,1999,NORTH_ATLANTIC
1899,1999,SOUTH_ATLANTIC
1902,1999,NORTH_ATLANTIC
1904,1999,SOUTH_ATLANTIC
1905,1999,NORTH_PACIFIC
1908,1999,NORTH_PACIFIC
1909,1999,NORTH_PACIFIC
1910,1999,NORTH_ATLANTIC
1912,1999,NORTH_ATLANTIC
1919,1999,NORTH_ATLANTIC
1920,1998,NORTH_ATLANTIC
1925,1998,NORTH_ATLANTIC
1926,1998,NORTH_ATLANTIC
1927,1998,NORTH_ATLANTIC
1928,1998,NORTH_PACIFIC
1930,1998,SOUTH_ATLANTIC
1931,1998,NORTH_ATLANTIC
1933,1998,NORTH_ATLANTIC
1934,1998,SOUTH_ATLANTIC
1936,1998,NORTH_ATLANTIC
1937,1998,NORTH_ATLANTIC
1938,1998,NORTH_ATLANTIC
1940,1998,NORTH_ATLANTIC
1942,1998,NORTH_ATLANTIC
1944,1998,NORTH_PACIFIC
1945,1998,NORTH_ATLANTIC
1946,1998,NORTH_ATLANTIC
1947,1998,NORTH_ATLANTIC
1951,1998,SOUTH_ATLANTIC
1952,1998,NORTH_ATLANTIC
1958,1998,NORTH_ATLANTIC
1963,1998,NORTH_ATLANTIC
1964,1998,NORTH_ATLANTIC
1965,1998,NORTH_ATLANTIC
1968,1998,NORTH_PACIFIC
1969,1998,NORTH_ATLANTIC
1970,1998,SOUTH_ATLANTIC
1972,1998,NORTH_ATLANTIC
1974,1998,NORTH_ATLANTIC
1975,1998,NORTH_ATLANTIC
1984,1998,NORTH_ATLANTIC
1987,1997,NORTH_ATLANTIC
1988,1997,NORTH_ATLANTIC
1990,1997,NORTH_ATLANTIC
1993,1997,NORTH_PACIFIC
1994,1997,NORTH_ATLANTIC
1995,1997,NORTH_ATLANTIC
1997,1997,NORTH_ATLANTIC
1998,1997,SOUTH_ATLANTIC
1999,1997,NORTH_ATLANTIC
2000,1997,NORTH_ATLANTIC
2001,1997,NORTH_ATLANTIC
2002,1997,NORTH_ATLANTIC
2003,1997,NORTH_ATLANTIC
2004,1997,NORTH_PACIFIC
2005,1997,GULF_OF_MEXICO
2006,1997,GULF_OF_MEXICO
2007,1997,NORTH_ATLANTIC
2010,1997,NORTH_ATLANTIC
2011,1997,NORTH_ATLANTIC
2012,1997,GULF_OF_MEXICO
2013,1997,NORTH_ATLANTIC
2014,1997,NORTH_ATLANTIC
2015,1997,NORTH_ATLANTIC
2018,1997,SOUTH_ATLANTIC
2019,1997,NORTH_ATLANTIC
2021,1997,SOUTH_ATLANTIC
2022,1997,NORTH_PACIFIC
2024,1997,NORTH_ATLANTIC
2025,1997,SOUTH_ATLANTIC
2026,1997,NORTH_ATLANTIC
2027,1997,NORTH_ATLANTIC
2028,1997,NORTH_ATLANTIC
2029,1997,NORTH_ATLANTIC
2030,1997,NORTH_ATLANTIC
2031,1997,NORTH_ATLANTIC
2032,1997,SOUTH_ATLANTIC
2035,1997,NORTH_PACIFIC
2046,1996,NORTH_PACIFIC
2047,1996,NORTH_ATLANTIC
2048,1996,SOUTH_ATLANTIC
2049,1996,SOUTH_ATLANTIC
2051,1996,NORTH_PACIFIC
2052,1996,NORTH_ATLANTIC
2053,1996,NORTH_PACIFIC
2054,1996,SOUTH_ATLANTIC
2055,1996,NORTH_ATLANTIC
2057,1996,NORTH_ATLANTIC
2058,1996,NORTH_ATLANTIC
2059,1996,NORTH_ATLANTIC
2060,1996,NORTH_ATLANTIC
2062,1996,NORTH_PACIFIC
2063,1996,NORTH_PACIFIC
2064,1996,NORTH_ATLANTIC
2065,1996,NORTH_ATLANTIC
2068,1996,NORTH_ATLANTIC
2069,1996,NORTH_ATLANTIC
2070,1996,NORTH_PACIFIC
2071,1996,NORTH_ATLANTIC
2072,1996,NORTH_ATLANTIC
2073,1996,NORTH_ATLANTIC
2074,1996,NORTH_ATLANTIC
2079,1996,NORTH_ATLANTIC
2081,1996,NORTH_ATLANTIC
2082,1996,NORTH_PACIFIC
2085,1996,SOUTH_ATLANTIC
2093,1996,CARIBBEAN_SEA
2095,1996,NORTH_ATLANTIC
2097,1996,NORTH_PACIFIC
2102,1996,NORTH_ATLANTIC
2103,1995,NORTH_PACIFIC
2105,1995,NORTH_PACIFIC
2108,1995,NORTH_ATLANTIC
2109,1995,NORTH_ATLANTIC
2111,1995,NORTH_ATLANTIC
2112,1995,NORTH_ATLANTIC
2113,1995,NORTH_ATLANTIC
2114,1995,NORTH_PACIFIC
2115,1995,NORTH_ATLANTIC
2116,1995,NORTH_ATLANTIC
2118,1995,NORTH_ATLANTIC
2120,1995,NORTH_PACIFIC
2121,1995,NORTH_ATLANTIC
2122,1995,NORTH_ATLANTIC
2123,1995,NORTH_ATLANTIC
2124,1995,SOUTH_ATLANTIC
2125,1995,NORTH_ATLANTIC
2126,1995,NORTH_ATLANTIC
2127,1995,NORTH_ATLANTIC
2128,1995,NORTH_ATLANTIC
2129,1995,NORTH_ATLANTIC
2130,1995,NORTH_ATLANTIC
2132,1995,NORTH_ATLANTIC
2133,1995,NORTH_ATLANTIC
2134,1995,NORTH_ATLANTIC
2135,1995,NORTH_ATLANTIC
2136,1995,NORTH_ATLANTIC
2138,1995,NORTH_PACIFIC
2139,1995,NORTH_ATLANTIC
2140,1995,NORTH_ATLANTIC
2141,1995,NORTH_ATLANTIC
2142,1995,NORTH_ATLANTIC
2143,1995,NORTH_ATLANTIC
2144,1995,NORTH_ATLANTIC
2145,1995,NORTH_ATLANTIC
2147,1995,SOUTH_ATLANTIC
2148,1995,GULF_OF_MEXICO
2149,1995,GULF_OF_MEXICO
2150,1995,NORTH_ATLANTIC
2151,1995,NORTH_PACIFIC
2152,1995,NORTH_PACIFIC
2153,1995,GULF_OF_MEXICO
2154,1995,NORTH_ATLANTIC
2155,1995,NORTH_ATLANTIC
2156,1995,NORTH_ATLANTIC
2157,1995,NORTH_PACIFIC
2161,1995,NORTH_ATLANTIC
2165,1995,NORTH_ATLANTIC
2166,1995,NORTH_ATLANTIC
2171,1995,SOUTH_ATLANTIC
2173,1995,CARIBBEAN_SEA
2175,1995,SOUTH_ATLANTIC
2178,1995,NORTH_ATLANTIC
2179,1995,NORTH_ATLANTIC
2181,1994,NORTH_PACIFIC
2182,1994,SOUTH_ATLANTIC
2183,1994,SOUTH_ATLANTIC
2186,1994,NORTH_PACIFIC
2187,1994,SOUTH_ATLANTIC
2189,1994,NORTH_PACIFIC
2190,1994,NORTH_PACIFIC
2191,1994,SOUTH_ATLANTIC
2192,1994,SOUTH_ATLANTIC
2193,1994,NORTH_ATLANTIC
2194,1994,NORTH_ATLANTIC
2195,1994,NORTH_ATLANTIC
2196,1994,NORTH_PACIFIC
2197,1994,NORTH_ATLANTIC
2198,1994,NORTH_PACIFIC
2200,1994,SOUTH_ATLANTIC
2201,1994,SOUTH_ATLANTIC
2205,1994,SOUTH_ATLANTIC
2206,1994,NORTH_ATLANTIC
2207,1994,NORTH_ATLANTIC
2208,1994,NORTH_ATLANTIC
2209,1994,NORTH_ATLANTIC
2210,1994,NORTH_ATLANTIC
2211,1994,NORTH_ATLANTIC
2212,1994,NORTH_ATLANTIC
2213,1994,NORTH_ATLANTIC
2214,1994,NORTH_PACIFIC
2216,1994,NORTH_ATLANTIC
2217,1994,NORTH_ATLANTIC
2219,1994,SOUTH_PACIFIC
2220,1994,SOUTH_PACIFIC
2221,1994,NORTH_PACIFIC
2222,1994,SOUTH_ATLANTIC
2224,1994,NORTH_ATLANTIC
2225,1994,NORTH_PACIFIC
2228,1994,SOUTH_ATLANTIC
2229,1994,NORTH_PACIFIC
2235,1994,NORTH_ATLANTIC
2236,1993,NORTH_PACIFIC
2237,1993,NORTH_ATLANTIC
2239,1993,NORTH_PACIFIC
2241,1993,NORTH_PACIFIC
2242,1993,NORTH_ATLANTIC
2243,1993,NORTH_PACIFIC
2244,1993,NORTH_PACIFIC
2247,1993,NORTH_PACIFIC
2248,1993,NORTH_PACIFIC
2249,1993,NORTH_ATLANTIC
2250,1993,NORTH_ATLANTIC
2252,1993,NORTH_ATLANTIC
2253,1993,NORTH_ATLANTIC
2254,1993,NORTH_PACIFIC
2255,1993,NORTH_PACIFIC
2256,1993,NORTH_ATLANTIC
2258,1993,NORTH_PACIFIC
2260,1993,NORTH_PACIFIC
2262,1993,NORTH_ATLANTIC
2263,1993,SOUTH_ATLANTIC
2266,1993,GULF_OF_MEXICO
2267,1993,NORTH_PACIFIC
2271,1993,NORTH_ATLANTIC
2275,1993,SOUTH_ATLANTIC
2276,1993,NORTH_ATLANTIC
2278,1993,NORTH_PACIFIC
2279,1993,NORTH_PACIFIC
2284,1993,SOUTH_ATLANTIC
2286,1993,CARIBBEAN_SEA
2287,1993,NORTH_PACIFIC
2291,1993,NORTH_ATLANTIC
2292,1992,NORTH_PACIFIC
2293,1992,NORTH_PACIFIC
2294,1992,NORTH_PACIFIC
2295,1992,NORTH_ATLANTIC
2296,1992,NORTH_ATLANTIC
2297,1992,NORTH_PACIFIC
2299,1992,NORTH_PACIFIC
2300,1992,NORTH_ATLANTIC
2301,1992,NORTH_PACIFIC
2302,1992,NORTH_PACIFIC
2303,1992,NORTH_PACIFIC
2305,1992,SOUTH_ATLANTIC
2307,1992,SOUTH_ATLANTIC
2308,1992,NORTH_PACIFIC
2309,1992,NORTH_ATLANTIC
2310,1992,SOUTH_ATLANTIC
2311,1992,NORTH_ATLANTIC
2312,1992,NORTH_ATLANTIC
2314,1992,NORTH_PACIFIC
2315,1992,NORTH_PACIFIC
2316,1992,NORTH_ATLANTIC
2317,1992,NORTH_ATLANTIC
2318,1992,NORTH_PACIFIC
2319,1992,NORTH_ATLANTIC
2320,1992,SOUTH_ATLANTIC
2321,1992,SOUTH_ATLANTIC
2322,1992,SOUTH_ATLANTIC
2327,1992,NORTH_ATLANTIC
2332,1992,NORTH_PACIFIC
2336,1992,NORTH_PACIFIC
2337,1992,NORTH_PACIFIC
2348,1991,NORTH_PACIFIC
2349,1991,NORTH_PACIFIC
2350,1991,NORTH_PACIFIC
2351,1991,NORTH_PACIFIC
2352,1991,NORTH_ATLANTIC
2354,1991,NORTH_ATLANTIC
2355,1991,NORTH_PACIFIC
2356,1991,NORTH_ATLANTIC
2359,1991,NORTH_ATLANTIC
2360,1991,NORTH_ATLANTIC
2361,1991,NORTH_ATLANTIC
2363,1991,NORTH_ATLANTIC
2364,1991,NORTH_ATLANTIC
2365,1991,NORTH_ATLANTIC
2367,1991,NORTH_PACIFIC
2368,1991,NORTH_ATLANTIC
2371,1991,NORTH_ATLANTIC
2372,1991,NORTH_ATLANTIC
2374,1991,NORTH_PACIFIC
2376,1991,SOUTH_ATLANTIC
2377,1991,NORTH_ATLANTIC
2378,1991,NORTH_ATLANTIC
2379,1991,NORTH_PACIFIC
2381,1991,NORTH_PACIFIC
2388,1990,NORTH_PACIFIC
2389,1990,NORTH_ATLANTIC
2390,1990,NORTH_ATLANTIC
2391,1990,NORTH_ATLANTIC
2394,1990,NORTH_ATLANTIC
2395,1990,NORTH_PACIFIC
2396,1990,NORTH_ATLANTIC
2398,1990,NORTH_PACIFIC
2399,1990,NORTH_PACIFIC
2400,1990,NORTH_ATLANTIC
2401,1990,NORTH_PACIFIC
2402,1990,GULF_OF_MEXICO
2403,1990,GULF_OF_MEXICO
2404,1990,GULF_OF_MEXICO
2405,1990,NORTH_ATLANTIC
2407,1990,NORTH_ATLANTIC
2417,1990,NORTH_PACIFIC
2420,1990,NORTH_PACIFIC
2421,1990,NORTH_ATLANTIC
2422,1990,NORTH_PACIFIC
2423,1990,NORTH_ATLANTIC
2424,1989,NORTH_PACIFIC
2429,1989,NORTH_PACIFIC
2433,1989,NORTH_PACIFIC
2434,1989,GULF_OF_MEXICO
2435,1989,NORTH_ATLANTIC
2438,1989,NORTH_ATLANTIC
2439,1989,NORTH_PACIFIC
2440,1989,NORTH_PACIFIC
2441,1989,NORTH_ATLANTIC
2442,1989,NORTH_PACIFIC
2444,1989,NORTH_ATLANTIC
2447,1989,NORTH_ATLANTIC
2449,1969,NORTH_ATLANTIC
2452,1989,NORTH_ATLANTIC
2453,1989,GULF_OF_MEXICO
2454,1989,NORTH_PACIFIC
2455,1989,NORTH_ATLANTIC
2460,1989,NORTH_ATLANTIC
2461,1989,NORTH_PACIFIC
2462,1989,NORTH_PACIFIC
2463,1989,NORTH_PACIFIC
2464,1989,NORTH_PACIFIC
2470,1989,NORTH_PACIFIC
2471,1989,NORTH_PACIFIC
2472,1989,NORTH_PACIFIC
2474,1989,NORTH_PACIFIC
2477,1989,NORTH_ATLANTIC
2478,1988,SOUTH_PACIFIC
2482,1988,NORTH_PACIFIC
2484,1988,NORTH_ATLANTIC
2485,1988,NORTH_ATLANTIC
2486,1988,NORTH_ATLANTIC
2488,1988,NORTH_ATLANTIC
2489,1988,NORTH_ATLANTIC
2490,1988,NORTH_ATLANTIC
2491,1988,NORTH_ATLANTIC
2492,1988,NORTH_ATLANTIC
2495,1988,NORTH_PACIFIC
2496,1988,NORTH_ATLANTIC
2497,1988,NORTH_ATLANTIC
2498,1988,NORTH_ATLANTIC
2499,1988,NORTH_ATLANTIC
2500,1988,NORTH_ATLANTIC
2501,1988,NORTH_ATLANTIC
2502,1988,NORTH_ATLANTIC
2504,1988,NORTH_ATLANTIC
2505,1988,NORTH_ATLANTIC
2506,1988,NORTH_ATLANTIC
2507,1988,NORTH_ATLANTIC
2509,1988,NORTH_ATLANTIC
2510,1988,NORTH_ATLANTIC
2512,1988,NORTH_PACIFIC
2513,1988,NORTH_ATLANTIC
2514,1988,NORTH_PACIFIC
2515,1988,NORTH_ATLANTIC
2516,1988,NORTH_ATLANTIC
2518,1988,NORTH_ATLANTIC
2519,1988,NORTH_PACIFIC
2529,1988,NORTH_ATLANTIC
2534,1987,NORTH_ATLANTIC
2536,1987,NORTH_ATLANTIC
2538,1987,NORTH_PACIFIC
2541,1987,CARIBBEAN_SEA
2544,1987,NORTH_ATLANTIC
2545,1987,NORTH_PACIFIC
2546,1987,NORTH_ATLANTIC
2547,1987,GULF_OF_MEXICO
2548,1987,GULF_OF_MEXICO
2549,1987,NORTH_ATLANTIC
2550,1987,NORTH_ATLANTIC
2551,1987,NORTH_ATLANTIC
2552,1987,NORTH_ATLANTIC
2553,1987,NORTH_ATLANTIC
2554,1987,NORTH_ATLANTIC
2557,1987,GULF_OF_MEXICO
2558,1987,NORTH_PACIFIC
2562,1987,NORTH_ATLANTIC
2570,1986,NORTH_ATLANTIC
2571,1986,NORTH_ATLANTIC
2572,1986,NORTH_PACIFIC
2575,1986,NORTH_ATLANTIC
2576,1986,NORTH_ATLANTIC
2577,1986,NORTH_ATLANTIC
2579,1986,NORTH_ATLANTIC
2582,1986,NORTH_ATLANTIC
2583,1986,NORTH_ATLANTIC
2584,1986,NORTH_ATLANTIC
2585,1986,NORTH_ATLANTIC
2586,1986,NORTH_ATLANTIC
2591,1986,NORTH_ATLANTIC
2595,1986,NORTH_PACIFIC
2605,1986,NORTH_ATLANTIC
2606,1986,NORTH_PACIFIC
2608,1985,NORTH_ATLANTIC
2610,1985,NORTH_PACIFIC
2611,1985,NORTH_PACIFIC
2613,1985,NORTH_PACIFIC
2614,1985,NORTH_PACIFIC
2615,1985,NORTH_PACIFIC
2616,1985,GULF_OF_MEXICO
2617,1985,NORTH_PACIFIC
2619,1985,NORTH_ATLANTIC
2620,1985,NORTH_ATLANTIC
2621,1985,NORTH_ATLANTIC
2622,1985,NORTH_ATLANTIC
2623,1985,NORTH_ATLANTIC
2624,1985,NORTH_ATLANTIC
2625,1985,NORTH_ATLANTIC
2626,1985,NORTH_PACIFIC
2627,1985,NORTH_ATLANTIC
2629,1985,NORTH_PACIFIC
2631,1985,NORTH_ATLANTIC
2633,1985,NORTH_PACIFIC
2634,1985,NORTH_ATLANTIC
2646,1984,NORTH_ATLANTIC
2647,1984,NORTH_ATLANTIC
2648,1984,NORTH_ATLANTIC
2649,1984,NORTH_ATLANTIC
2650,1984,NORTH_ATLANTIC
2651,1984,NORTH_ATLANTIC
2652,1984,NORTH_PACIFIC
2653,1984,NORTH_PACIFIC
2654,1984,NORTH_ATLANTIC
2655,1984,NORTH_ATLANTIC
2656,1984,NORTH_ATLANTIC
2657,1984,NORTH_ATLANTIC
2658,1984,NORTH_PACIFIC
2659,1984,NORTH_PACIFIC
2660,1984,NORTH_PACIFIC
2661,1984,NORTH_ATLANTIC
2663,1984,GULF_OF_MEXICO
2664,1984,GULF_OF_MEXICO
2666,1984,NORTH_ATLANTIC
2669,1984,NORTH_PACIFIC
2682,1984,NORTH_PACIFIC
2683,1984,NORTH_ATLANTIC
2685,1983,NORTH_ATLANTIC
2691,1983,NORTH_ATLANTIC
2693,1983,NORTH_ATLANTIC
2694,1983,NORTH_ATLANTIC
2695,1983,NORTH_ATLANTIC
2696,1983,NORTH_PACIFIC
2698,1983,NORTH_ATLANTIC
2699,1983,NORTH_ATLANTIC
2700,1983,NORTH_ATLANTIC
2701,1983,NORTH_ATLANTIC
2706,1983,NORTH_ATLANTIC
2707,1983,NORTH_ATLANTIC
2708,1983,NORTH_ATLANTIC
2709,1983,NORTH_ATLANTIC
2710,1983,NORTH_ATLANTIC
2711,1983,NORTH_ATLANTIC
2712,1983,NORTH_ATLANTIC
2714,1983,NORTH_ATLANTIC
2715,1983,NORTH_ATLANTIC
2716,1983,NORTH_ATLANTIC
2717,1983,NORTH_ATLANTIC
2718,1983,NORTH_ATLANTIC
2720,1983,NORTH_ATLANTIC
2724,1983,NORTH_ATLANTIC
2727,1983,NORTH_ATLANTIC
2734,1982,NORTH_ATLANTIC
2735,1982,NORTH_ATLANTIC
2738,1982,NORTH_ATLANTIC
2739,1982,NORTH_PACIFIC
2740,1982,NORTH_PACIFIC
2741,1982,NORTH_ATLANTIC
2743,1982,NORTH_PACIFIC
2748,1982,NORTH_PACIFIC
2749,1982,NORTH_ATLANTIC
2750,1982,NORTH_PACIFIC
2751,1982,NORTH_ATLANTIC
2754,1982,NORTH_ATLANTIC
2755,1982,NORTH_ATLANTIC
2756,1982,NORTH_ATLANTIC
2757,1982,NORTH_PACIFIC
2758,1982,NORTH_ATLANTIC
2759,1982,NORTH_ATLANTIC
2763,1982,NORTH_ATLANTIC
2765,1982,NORTH_PACIFIC
2766,1982,NORTH_PACIFIC
2767,1982,NORTH_ATLANTIC
2768,1982,NORTH_PACIFIC
2769,1982,NORTH_ATLANTIC
2774,1981,NORTH_PACIFIC
2776,1981,NORTH_PACIFIC
2779,1981,NORTH_PACIFIC
2780,1981,NORTH_ATLANTIC
2781,1981,NORTH_ATLANTIC
2782,1981,NORTH_ATLANTIC
2783,1981,NORTH_ATLANTIC
2784,1981,NORTH_ATLANTIC
2785,1981,NORTH_ATLANTIC
2786,1981,NORTH_ATLANTIC
2787,1981,NORTH_ATLANTIC
2788,1981,NORTH_ATLANTIC
2789,1981,NORTH_ATLANTIC
2790,1981,NORTH_ATLANTIC
2791,1981,NORTH_PACIFIC
2792,1981,NORTH_ATLANTIC
2793,1981,NORTH_ATLANTIC
2794,1981,NORTH_ATLANTIC
2795,1981,NORTH_ATLANTIC
2797,1981,NORTH_ATLANTIC
2800,1981,NORTH_PACIFIC
2801,1981,NORTH_PACIFIC
2804,1981,NORTH_ATLANTIC
2805,1981,NORTH_ATLANTIC
2808,1981,NORTH_ATLANTIC
2810,1981,NORTH_ATLANTIC
2811,1981,NORTH_ATLANTIC
2812,1981,SOUTH_PACIFIC
2813,1981,SOUTH_ATLANTIC
2817,1981,NORTH_ATLANTIC
2818,1981,SOUTH_ATLANTIC
2819,1981,NORTH_ATLANTIC
2828,1980,SOUTH_ATLANTIC
2829,1980,NORTH_PACIFIC
2830,1980,NORTH_PACIFIC
2832,1980,NORTH_ATLANTIC
2833,1980,NORTH_PACIFIC
2835,1980,NORTH_ATLANTIC
2836,1980,NORTH_ATLANTIC
2837,1980,NORTH_ATLANTIC
2838,1980,NORTH_ATLANTIC
2839,1980,NORTH_PACIFIC
2841,1980,CARIBBEAN_SEA
2843,1980,NORTH_PACIFIC
2845,1980,SOUTH_ATLANTIC
2853,1980,SOUTH_PACIFIC
2861,1979,NORTH_PACIFIC
2867,1979,NORTH_ATLANTIC
2869,1979,NORTH_ATLANTIC
2870,1979,NORTH_ATLANTIC
2875,1979,NORTH_ATLANTIC
2876,1979,NORTH_ATLANTIC
2877,1979,NORTH_ATLANTIC
2878,1979,NORTH_PACIFIC
2882,1979,NORTH_PACIFIC
2885,1978,NORTH_PACIFIC
2886,1978,NORTH_ATLANTIC
2891,1978,NORTH_PACIFIC
2892,1978,NORTH_ATLANTIC
2893,1978,NORTH_ATLANTIC
2894,1978,NORTH_PACIFIC
2895,1978,NORTH_ATLANTIC
2896,1978,NORTH_ATLANTIC
2906,1978,NORTH_ATLANTIC
2908,1977,NORTH_PACIFIC
2909,1977,NORTH_ATLANTIC
2917,1977,NORTH_PACIFIC
2918,1977,NORTH_ATLANTIC
2919,1977,NORTH_PACIFIC
2920,1977,NORTH_ATLANTIC
2921,1977,GULF_OF_MEXICO
2925,1977,NORTH_PACIFIC
2933,1977,NORTH_PACIFIC
2935,1976,NORTH_PACIFIC
2938,1976,NORTH_ATLANTIC
2942,1976,NORTH_PACIFIC
2947,1976,NORTH_ATLANTIC
2948,1976,NORTH_ATLANTIC
2949,1976,NORTH_ATLANTIC
2950,1976,NORTH_ATLANTIC
2951,1976,NORTH_PACIFIC
2952,1976,NORTH_ATLANTIC
2953,1976,NORTH_ATLANTIC
2954,1976,NORTH_PACIFIC
2955,1976,NORTH_ATLANTIC
2956,1976,NORTH_ATLANTIC
2957,1976,NORTH_PACIFIC
2961,1976,GULF_OF_MEXICO
2962,1976,NORTH_ATLANTIC
2970,1976,NORTH_ATLANTIC
2972,1976,NORTH_PACIFIC
2974,1975,NORTH_PACIFIC
2979,1975,NORTH_ATLANTIC
2980,1975,NORTH_ATLANTIC
2982,1975,NORTH_PACIFIC
2985,1975,NORTH_ATLANTIC
2986,1975,NORTH_PACIFIC
2988,1975,NORTH_PACIFIC
2990,1975,NORTH_ATLANTIC
2992,1975,NORTH_PACIFIC
2993,1975,NORTH_PACIFIC
2994,1975,NORTH_ATLANTIC
2996,1975,NORTH_ATLANTIC
2997,1975,NORTH_ATLANTIC
2998,1975,NORTH_ATLANTIC
2999,1975,GULF_OF_MEXICO
3000,1975,NORTH_ATLANTIC
3001,1975,NORTH_ATLANTIC
3002,1975,NORTH_ATLANTIC
3003,1975,NORTH_ATLANTIC
3009,1975,NORTH_ATLANTIC
3020,1975,NORTH_ATLANTIC
3023,1974,NORTH_ATLANTIC
3024,1974,NORTH_PACIFIC
3025,1974,NORTH_PACIFIC
3027,1974,NORTH_PACIFIC
3028,1974,NORTH_PACIFIC
3030,1974,NORTH_PACIFIC
3036,1974,NORTH_PACIFIC
3037,1974,NORTH_PACIFIC
3038,1974,GULF_OF_MEXICO
3040,1974,NORTH_ATLANTIC
3041,1974,NORTH_PACIFIC
3042,1974,SOUTH_ATLANTIC
3045,1974,NORTH_ATLANTIC
3063,1973,NORTH_PACIFIC
3064,1973,NORTH_PACIFIC
3066,1973,NORTH_ATLANTIC
3069,1973,NORTH_ATLANTIC
3071,1973,NORTH_PACIFIC
3075,1973,NORTH_ATLANTIC
3077,1973,NORTH_PACIFIC
3081,1973,NORTH_PACIFIC
3083,1973,NORTH_PACIFIC
3089,1972,NORTH_PACIFIC
3096,1972,CARIBBEAN_SEA
3097,1972,NORTH_ATLANTIC
3099,1972,NORTH_PACIFIC
3101,1972,NORTH_ATLANTIC
3102,1972,NORTH_PACIFIC
3104,1972,NORTH_PACIFIC
3107,1972,NORTH_ATLANTIC
3108,1972,NORTH_PACIFIC
3114,1972,NORTH_PACIFIC
3127,1971,NORTH_ATLANTIC
3129,1971,NORTH_PACIFIC
3130,1971,NORTH_ATLANTIC
3134,1971,NORTH_ATLANTIC
3135,1971,NORTH_PACIFIC
3140,1971,NORTH_PACIFIC
3141,1971,CARIBBEAN_SEA
3142,1971,CARIBBEAN_SEA
3152,1970,NORTH_PACIFIC
3154,1970,NORTH_PACIFIC
3155,1970,NORTH_ATLANTIC
3158,1970,NORTH_ATLANTIC
3160,1970,NORTH_ATLANTIC
3161,1970,NORTH_ATLANTIC
3164,1970,NORTH_ATLANTIC
3166,1970,CARIBBEAN_SEA
3167,1970,CARIBBEAN_SEA
3169,1970,CARIBBEAN_SEA
3172,1970,NORTH_PACIFIC
3173,1970,NORTH_ATLANTIC
3180,1970,NORTH_PACIFIC
3192,1969,NORTH_PACIFIC
3194,1969,NORTH_PACIFIC
3195,1969,NORTH_PACIFIC
3196,1969,NORTH_ATLANTIC
3197,1969,NORTH_ATLANTIC
3198,1969,NORTH_ATLANTIC
3199,1969,NORTH_ATLANTIC
3202,1969,NORTH_ATLANTIC
3203,1969,NORTH_PACIFIC
3204,1969,NORTH_ATLANTIC
3205,1969,CARIBBEAN_SEA
3206,1969,NORTH_ATLANTIC
3207,1969,GULF_OF_MEXICO
3208,1969,NORTH_ATLANTIC
3209,1969,CARIBBEAN_SEA
3212,1969,NORTH_ATLANTIC
3214,1969,NORTH_PACIFIC
3219,1969,NORTH_ATLANTIC
3228,1968,NORTH_ATLANTIC
3229,1968,NORTH_ATLANTIC
3231,1968,NORTH_ATLANTIC
3233,1968,NORTH_ATLANTIC
3234,1968,NORTH_ATLANTIC
3237,1968,CARIBBEAN_SEA
3238,1968,NORTH_PACIFIC
3239,1968,NORTH_ATLANTIC
3240,1968,NORTH_ATLANTIC
3241,1968,NORTH_ATLANTIC
3242,1968,NORTH_PACIFIC
3243,1968,NORTH_ATLANTIC
3244,1968,NORTH_ATLANTIC
3248,1968,NORTH_ATLANTIC
3249,1968,NORTH_ATLANTIC
3254,1968,NORTH_ATLANTIC
3255,1968,NORTH_ATLANTIC
3256,1968,NORTH_ATLANTIC
3263,1968,CARIBBEAN_SEA
3264,1968,NORTH_ATLANTIC
3265,1968,NORTH_ATLANTIC
3276,1967,GULF_OF_MEXICO
3277,1967,NORTH_ATLANTIC
3279,1967,NORTH_PACIFIC
3282,1967,NORTH_ATLANTIC
3285,1967,NORTH_PACIFIC
3289,1967,NORTH_ATLANTIC
3292,1967,NORTH_ATLANTIC
3293,1967,NORTH_ATLANTIC
3295,1967,NORTH_ATLANTIC
3297,1967,NORTH_ATLANTIC
3298,1967,NORTH_ATLANTIC
3309,1967,GULF_OF_MEXICO
3324,1966,NORTH_PACIFIC
3328,1966,NORTH_ATLANTIC
3329,1966,NORTH_ATLANTIC
3332,1966,NORTH_ATLANTIC
3338,1966,NORTH_ATLANTIC
3339,1966,NORTH_ATLANTIC
3340,1966,GULF_OF_MEXICO
3341,1966,NORTH_ATLANTIC
3342,1966,GULF_OF_MEXICO
3345,1966,NORTH_ATLANTIC
3346,1966,CARIBBEAN_SEA
3347,1966,NORTH_ATLANTIC
3348,1966,NORTH_ATLANTIC
3349,1966,GULF_OF_MEXICO
3354,1966,NORTH_ATLANTIC
3356,1966,CARIBBEAN_SEA
3363,1966,NORTH_PACIFIC
3370,1966,NORTH_ATLANTIC
3371,1966,NORTH_PACIFIC
3373,1965,NORTH_PACIFIC
3377,1965,CARIBBEAN_SEA
3380,1965,NORTH_ATLANTIC
3381,1965,NORTH_ATLANTIC
3386,1965,GULF_OF_MEXICO
3388,1965,NORTH_ATLANTIC
3389,1965,NORTH_ATLANTIC
3390,1965,GULF_OF_MEXICO
3391,1965,NORTH_ATLANTIC
3392,1965,NORTH_ATLANTIC
3393,1965,NORTH_ATLANTIC
3394,1965,GULF_OF_MEXICO
3397,1965,GULF_OF_MEXICO
3398,1965,GULF_OF_MEXICO
3400,1965,CARIBBEAN_SEA
3401,1965,GULF_OF_MEXICO
3402,1965,NORTH_ATLANTIC
3403,1965,NORTH_PACIFIC
3404,1965,NORTH_ATLANTIC
3406,1965,NORTH_ATLANTIC
3407,1965,CARIBBEAN_SEA
3408,1965,NORTH_ATLANTIC
3410,1965,NORTH_ATLANTIC
3411,1965,NORTH_PACIFIC
3416,1965,GULF_OF_MEXICO
3417,1965,NORTH_PACIFIC
3418,1965,NORTH_ATLANTIC
3431,1964,CARIBBEAN_SEA
3433,1964,NORTH_ATLANTIC
3438,1964,NORTH_ATLANTIC
3439,1964,NORTH_PACIFIC
3440,1964,NORTH_ATLANTIC
3441,1964,NORTH_ATLANTIC
3442,1964,NORTH_ATLANTIC
3445,1964,CARIBBEAN_SEA
3447,1964,NORTH_ATLANTIC
3449,1964,NORTH_ATLANTIC
3452,1964,NORTH_ATLANTIC
3453,1964,NORTH_ATLANTIC
3454,1964,NORTH_PACIFIC
3458,1964,CARIBBEAN_SEA
3460,1964,CARIBBEAN_SEA
3464,1964,NORTH_ATLANTIC
3476,1964,NORTH_ATLANTIC
3477,1964,NORTH_PACIFIC
3483,1964,NORTH_PACIFIC
3506,1963,NORTH_ATLANTIC
3509,1963,NORTH_ATLANTIC
3511,1963,SOUTH_PACIFIC
3512,1963,NORTH_ATLANTIC
3515,1963,NORTH_ATLANTIC
3516,1963,CARIBBEAN_SEA
3518,1963,NORTH_ATLANTIC
3519,1963,GULF_OF_MEXICO
3520,1963,CARIBBEAN_SEA
3524,1963,NORTH_PACIFIC
3527,1963,CARIBBEAN_SEA
3530,1963,NORTH_PACIFIC
3531,1963,NORTH_PACIFIC
3537,1963,NORTH_ATLANTIC
3555,1962,NORTH_PACIFIC
3559,1962,GULF_OF_MEXICO
3562,1962,NORTH_PACIFIC
3565,1962,GULF_OF_MEXICO
3571,1962,NORTH_PACIFIC
3572,1962,NORTH_ATLANTIC
3574,1962,GULF_OF_MEXICO
3575,1962,NORTH_ATLANTIC
3579,1962,NORTH_ATLANTIC
3581,1962,NORTH_PACIFIC
3582,1962,GULF_OF_MEXICO
3583,1962,GULF_OF_MEXICO
3585,1962,NORTH_ATLANTIC
3587,1962,NORTH_ATLANTIC
3588,1962,NORTH_PACIFIC
3589,1962,NORTH_PACIFIC
3590,1962,NORTH_PACIFIC
3592,1962,NORTH_ATLANTIC
3594,1962,NORTH_PACIFIC
3595,1962,NORTH_ATLANTIC
3596,1962,NORTH_ATLANTIC
3597,1962,NORTH_PACIFIC
3620,1962,NORTH_PACIFIC
3644,1961,NORTH_PACIFIC
3646,1961,NORTH_ATLANTIC
3648,1961,NORTH_ATLANTIC
3649,1961,NORTH_ATLANTIC
3656,1961,NORTH_PACIFIC
3657,1961,NORTH_ATLANTIC
3658,1961,NORTH_ATLANTIC
3659,1961,NORTH_PACIFIC
3661,1961,NORTH_ATLANTIC
3666,1961,NORTH_ATLANTIC
3667,1961,NORTH_ATLANTIC
3668,1961,NORTH_ATLANTIC
3671,1961,NORTH_PACIFIC
3673,1961,NORTH_ATLANTIC
3675,1961,NORTH_ATLANTIC
3679,1961,NORTH_ATLANTIC
3695,1961,CARIBBEAN_SEA
3699,1961,NORTH_PACIFIC
3711,1961,CARIBBEAN_SEA
3714,1961,NORTH_PACIFIC
3715,1960,NORTH_PACIFIC
3721,1960,NORTH_ATLANTIC
3727,1960,NORTH_PACIFIC
3732,1960,NORTH_ATLANTIC
3734,1960,NORTH_PACIFIC
3735,1960,NORTH_ATLANTIC
3740,1960,NORTH_ATLANTIC
3742,1960,GULF_OF_MEXICO
3743,1960,NORTH_ATLANTIC
3745,1960,NORTH_ATLANTIC
3746,1960,NORTH_ATLANTIC
3748,1960,NORTH_ATLANTIC
3750,1960,NORTH_ATLANTIC
3751,1960,NORTH_ATLANTIC
3753,1960,GULF_OF_MEXICO
3754,1960,NORTH_ATLANTIC
3756,1960,NORTH_ATLANTIC
3759,1960,NORTH_ATLANTIC
3760,1960,NORTH_PACIFIC
3762,1960,GULF_OF_MEXICO
3763,1960,CARIBBEAN_SEA
3764,1960,NORTH_ATLANTIC
3765,1960,NORTH_PACIFIC
3766,1960,NORTH_ATLANTIC
3769,1960,NORTH_PACIFIC
3772,1960,NORTH_ATLANTIC
3781,1960,NORTH_ATLANTIC
3785,1960,NORTH_PACIFIC
3790,1960,NORTH_PACIFIC
3798,1960,NORTH_PACIFIC
3799,1960,CARIBBEAN_SEA
3800,1960,CARIBBEAN_SEA
3820,1959,NORTH_ATLANTIC
3823,1959,NORTH_PACIFIC
3828,1959,NORTH_PACIFIC
3832,1959,NORTH_ATLANTIC
3833,1959,NORTH_ATLANTIC
3834,1959,NORTH_ATLANTIC
3835,1959,NORTH_PACIFIC
3837,1959,NORTH_ATLANTIC
3838,1959,NORTH_PACIFIC
3843,1959,NORTH_ATLANTIC
3844,1959,NORTH_ATLANTIC
3845,1959,NORTH_ATLANTIC
3847,1959,NORTH_PACIFIC
3850,1959,GULF_OF_MEXICO
3851,1959,NORTH_PACIFIC
3853,1959,NORTH_PACIFIC
3854,1959,NORTH_PACIFIC
3856,1959,NORTH_PACIFIC
3857,1959,NORTH_PACIFIC
3858,1959,NORTH_PACIFIC
3859,1959,CARIBBEAN_SEA
3860,1959,NORTH_ATLANTIC
3862,1959,GULF_OF_MEXICO
3865,1959,NORTH_PACIFIC
3866,1959,NORTH_PACIFIC
3868,1959,NORTH_ATLANTIC
3869,1959,NORTH_PACIFIC
3870,1959,NORTH_ATLANTIC
3874,1959,NORTH_PACIFIC
3877,1959,NORTH_ATLANTIC
3879,1959,NORTH_ATLANTIC
3881,1959,CARIBBEAN_SEA
3886,1959,SOUTH_PACIFIC
3904,1958,NORTH_PACIFIC
3909,1958,NORTH_PACIFIC
3910,1958,NORTH_PACIFIC
3911,1958,NORTH_ATLANTIC
3912,1958,NORTH_PACIFIC
3915,1958,NORTH_ATLANTIC
3916,1958,NORTH_ATLANTIC
3917,1958,NORTH_PACIFIC
3919,1958,NORTH_PACIFIC
3920,1958,NORTH_ATLANTIC
3921,1958,NORTH_ATLANTIC
3922,1958,NORTH_ATLANTIC
3926,1958,NORTH_ATLANTIC
3928,1958,NORTH_ATLANTIC
3929,1958,NORTH_ATLANTIC
3930,1958,NORTH_ATLANTIC
3931,1958,NORTH_ATLANTIC
3932,1958,NORTH_ATLANTIC
3935,1958,NORTH_ATLANTIC
3941,1958,CARIBBEAN_SEA
3966,1957,NORTH_ATLANTIC
3967,1957,NORTH_PACIFIC
3968,1957,NORTH_ATLANTIC
3970,1957,CARIBBEAN_SEA
3973,1957,NORTH_ATLANTIC
3974,1957,NORTH_PACIFIC
3976,1957,NORTH_ATLANTIC
3981,1957,NORTH_ATLANTIC
3983,1957,NORTH_ATLANTIC
3986,1957,NORTH_ATLANTIC
3987,1957,CARIBBEAN_SEA
3988,1957,CARIBBEAN_SEA
3989,1957,CARIBBEAN_SEA
3990,1957,NORTH_ATLANTIC
4004,1956,NORTH_ATLANTIC
4010,1956,CARIBBEAN_SEA
4012,1956,NORTH_PACIFIC
4019,1956,CARIBBEAN_SEA
4020,1956,NORTH_PACIFIC
4022,1956,NORTH_ATLANTIC
4023,1956,NORTH_ATLANTIC
4028,1956,CARIBBEAN_SEA
4042,1956,NORTH_ATLANTIC
4043,1956,NORTH_ATLANTIC
4048,1955,NORTH_ATLANTIC
4054,1955,NORTH_PACIFIC
4055,1955,NORTH_PACIFIC
4056,1955,NORTH_PACIFIC
4058,1955,NORTH_PACIFIC
4061,1955,NORTH_ATLANTIC
4065,1955,NORTH_ATLANTIC
4068,1955,NORTH_PACIFIC
4072,1955,NORTH_PACIFIC
4076,1955,NORTH_PACIFIC
4077,1955,NORTH_PACIFIC
4084,1955,NORTH_ATLANTIC
4085,1955,CARIBBEAN_SEA
4088,1955,CARIBBEAN_SEA
4095,1954,NORTH_ATLANTIC
4099,1954,NORTH_PACIFIC
4103,1954,CARIBBEAN_SEA
4104,1954,CARIBBEAN_SEA
4105,1954,SOUTH_PACIFIC
4109,1954,NORTH_ATLANTIC
4110,1954,NORTH_ATLANTIC
4113,1954,NORTH_PACIFIC
4118,1954,NORTH_PACIFIC
4123,1954,SOUTH_ATLANTIC
4126,1954,CARIBBEAN_SEA
4127,1954,NORTH_PACIFIC
4128,1954,NORTH_PACIFIC
4138,1953,NORTH_PACIFIC
4139,1953,GULF_OF_MEXICO
4140,1953,NORTH_ATLANTIC
4141,1953,NORTH_PACIFIC
4142,1953,NORTH_PACIFIC
4143,1953,CARIBBEAN_SEA
4144,1953,NORTH_PACIFIC
4145,1953,NORTH_PACIFIC
4146,1953,NORTH_ATLANTIC
4148,1953,NORTH_ATLANTIC
4149,1953,NORTH_PACIFIC
4150,1953,NORTH_PACIFIC
4153,1953,GULF_OF_MEXICO
4160,1953,NORTH_PACIFIC
4167,1953,NORTH_ATLANTIC
4172,1952,NORTH_PACIFIC
4173,1952,NORTH_PACIFIC
4174,1952,NORTH_PACIFIC
4178,1952,NORTH_ATLANTIC
4179,1952,NORTH_ATLANTIC
4180,1952,NORTH_ATLANTIC
4181,1952,NORTH_PACIFIC
4182,1952,NORTH_PACIFIC
4183,1952,CARIBBEAN_SEA
4184,1952,NORTH_PACIFIC
4196,1952,NORTH_ATLANTIC
4201,1951,CARIBBEAN_SEA
4212,1951,CARIBBEAN_SEA
4213,1951,NORTH_PACIFIC
4215,1951,NORTH_PACIFIC
4234,1950,NORTH_PACIFIC
4236,1950,NORTH_PACIFIC
4241,1950,CARIBBEAN_SEA
4242,1950,GULF_OF_MEXICO
4243,1950,GULF_OF_MEXICO
4244,1950,NORTH_ATLANTIC
4245,1950,NORTH_ATLANTIC
4246,1950,NORTH_ATLANTIC
4256,1950,NORTH_PACIFIC
4263,1950,NORTH_ATLANTIC
4264,1950,NORTH_PACIFIC
4282,1949,NORTH_ATLANTIC
4283,1949,NORTH_PACIFIC
4289,1949,GULF_OF_MEXICO
4305,1948,CARIBBEAN_SEA
4310,1948,NORTH_PACIFIC
4311,1948,NORTH_PACIFIC
4317,1948,NORTH_ATLANTIC
4318,1948,CARIBBEAN_SEA
4325,1948,GULF_OF_MEXICO
4328,1948,NORTH_ATLANTIC
4342,1947,SOUTH_ATLANTIC
4343,1947,NORTH_ATLANTIC
4344,1947,NORTH_PACIFIC
4348,1947,NORTH_PACIFIC
4358,1947,NORTH_ATLANTIC
4359,1947,SOUTH_ATLANTIC
4393,1945,NORTH_ATLANTIC
4397,1945,NORTH_ATLANTIC
4400,1945,CARIBBEAN_SEA
4401,1945,CARIBBEAN_SEA
4402,1945,CARIBBEAN_SEA
4405,1944,NORTH_ATLANTIC
4414,1944,NORTH_ATLANTIC
4415,1944,CARIBBEAN_SEA
4419,1944,NORTH_ATLANTIC
4421,1944,CARIBBEAN_SEA
4422,1944,NORTH_PACIFIC
4436,1943,NORTH_ATLANTIC
4439,1943,NORTH_ATLANTIC
4440,1943,NORTH_PACIFIC
4442,1943,NORTH_ATLANTIC
4444,1943,GULF_OF_MEXICO
4451,1943,NORTH_PACIFIC
4454,1943,SOUTH_ATLANTIC
4457,1943,GULF_OF_MEXICO
4460,1943,NORTH_PACIFIC
4461,1943,NORTH_PACIFIC
4462,1943,NORTH_PACIFIC
4483,1942,SOUTH_ATLANTIC
4488,1942,CARIBBEAN_SEA
4498,1942,NORTH_ATLANTIC
4503,1942,NORTH_PACIFIC
4510,1941,CARIBBEAN_SEA
4511,1941,NORTH_ATLANTIC
4513,1941,NORTH_ATLANTIC
4514,1941,NORTH_ATLANTIC
4515,1941,NORTH_PACIFIC
4516,1941,NORTH_ATLANTIC
4519,1941,NORTH_PACIFIC
4521,1941,CARIBBEAN_SEA
4536,1940,NORTH_ATLANTIC
4537,1940,NORTH_ATLANTIC
4538,1940,NORTH_ATLANTIC
4563,1939,NORTH_PACIFIC
4565,1939,NORTH_PACIFIC
4567,1939,NORTH_ATLANTIC
4568,1939,GULF_OF_MEXICO
4569,1939,NORTH_ATLANTIC
4575,1939,NORTH_ATLANTIC
4576,1939,CARIBBEAN_SEA
4577,1939,CARIBBEAN_SEA
4582,1938,NORTH_PACIFIC
4583,1938,NORTH_ATLANTIC
4585,1938,NORTH_PACIFIC
4587,1938,NORTH_PACIFIC
4599,1938,CARIBBEAN_SEA
4600,1938,NORTH_ATLANTIC
4603,1937,NORTH_ATLANTIC
4616,1937,CARIBBEAN_SEA
4621,1937,GULF_OF_MEXICO
4622,1937,GULF_OF_MEXICO
4633,1936,NORTH_PACIFIC
4639,1936,NORTH_PACIFIC
4641,1936,NORTH_ATLANTIC
4643,1936,NORTH_ATLANTIC
4644,1936,NORTH_ATLANTIC
4645,1936,NORTH_ATLANTIC
4649,1936,NORTH_ATLANTIC
4652,1936,NORTH_ATLANTIC
4665,1935,NORTH_ATLANTIC
4670,1935,NORTH_PACIFIC
4671,1935,NORTH_PACIFIC
4674,1935,NORTH_ATLANTIC
4682,1935,NORTH_PACIFIC
4700,1934,NORTH_ATLANTIC
4702,1934,NORTH_ATLANTIC
4707,1934,GULF_OF_MEXICO
4710,1934,NORTH_ATLANTIC
4718,1934,SOUTH_PACIFIC
4726,1933,NORTH_PACIFIC
4727,1933,NORTH_ATLANTIC
4728,1933,NORTH_ATLANTIC
4729,1933,NORTH_PACIFIC
4731,1933,NORTH_ATLANTIC
4732,1933,NORTH_ATLANTIC
4734,1933,CARIBBEAN_SEA
4737,1933,CARIBBEAN_SEA
4738,1933,NORTH_ATLANTIC
4746,1932,CARIBBEAN_SEA
4752,1932,NORTH_ATLANTIC
4754,1932,NORTH_ATLANTIC
4755,1932,GULF_OF_MEXICO
4756,1932,NORTH_ATLANTIC
4757,1932,NORTH_ATLANTIC
4758,1932,NORTH_ATLANTIC
4764,1932,NORTH_PACIFIC
4769,1932,NORTH_PACIFIC
4772,1931,CARIBBEAN_SEA
4773,1931,NORTH_ATLANTIC
4774,1931,NORTH_ATLANTIC
4775,1931,NORTH_PACIFIC
4776,1931,CARIBBEAN_SEA
4777,1931,NORTH_PACIFIC
4778,1931,NORTH_ATLANTIC
4779,1931,CARIBBEAN_SEA
4780,1931,CARIBBEAN_SEA
4781,1931,GULF_OF_MEXICO
4782,1931,NORTH_ATLANTIC
4785,1931,NORTH_ATLANTIC
4786,1931,NORTH_PACIFIC
4787,1931,NORTH_PACIFIC
4788,1931,NORTH_ATLANTIC
4805,1930,CARIBBEAN_SEA
4809,1930,NORTH_ATLANTIC
4810,1930,CARIBBEAN_SEA
4811,1930,NORTH_ATLANTIC
4813,1930,GULF_OF_MEXICO
4815,1930,CARIBBEAN_SEA
4817,1930,NORTH_ATLANTIC
4821,1930,GULF_OF_MEXICO
4832,1929,CARIBBEAN_SEA
4836,1929,NORTH_ATLANTIC
4837,1929,GULF_OF_MEXICO
4839,1929,NORTH_ATLANTIC
4846,1929,NORTH_ATLANTIC
4860,1929,NORTH_ATLANTIC
4862,1929,NORTH_ATLANTIC
4864,1928,NORTH_ATLANTIC
4866,1928,NORTH_ATLANTIC
4867,1928,NORTH_PACIFIC
4868,1928,GULF_OF_MEXICO
4869,1928,NORTH_ATLANTIC
4872,1928,NORTH_ATLANTIC
4876,1928,CARIBBEAN_SEA
4881,1928,NORTH_PACIFIC
4882,1928,NORTH_PACIFIC
4884,1928,NORTH_ATLANTIC
4885,1928,NORTH_ATLANTIC
4891,1927,SOUTH_ATLANTIC
4900,1927,NORTH_PACIFIC
4904,1927,NORTH_PACIFIC
4912,1926,NORTH_ATLANTIC
4914,1926,NORTH_ATLANTIC
4916,1926,NORTH_ATLANTIC
4917,1926,NORTH_PACIFIC
4919,1926,NORTH_PACIFIC
4921,1926,NORTH_PACIFIC
4930,1925,CARIBBEAN_SEA
4931,1925,CARIBBEAN_SEA
4934,1925,NORTH_ATLANTIC
4936,1925,CARIBBEAN_SEA
4940,1925,NORTH_ATLANTIC
4941,1925,NORTH_ATLANTIC
4943,1924,GULF_OF_MEXICO
4945,1924,CARIBBEAN_SEA
4948,1924,NORTH_ATLANTIC
4950,1924,NORTH_PACIFIC
4951,1924,NORTH_ATLANTIC
4969,1923,CARIBBEAN_SEA
4972,1923,GULF_OF_MEXICO
4976,1923,CARIBBEAN_SEA
4979,1923,CARIBBEAN_SEA
4980,1923,NORTH_ATLANTIC
4982,1923,NORTH_ATLANTIC
4983,1922,NORTH_ATLANTIC
4984,1922,CARIBBEAN_SEA
4986,1922,CARIBBEAN_SEA
4988,1922,NORTH_PACIFIC
4990,1922,NORTH_ATLANTIC
4991,1922,NORTH_ATLANTIC
4992,1922,NORTH_ATLANTIC
4993,1922,CARIBBEAN_SEA
4996,1922,CARIBBEAN_SEA
4997,1922,CARIBBEAN_SEA
5016,1921,CARIBBEAN_SEA
5019,1920,NORTH_ATLANTIC
5021,1920,NORTH_ATLANTIC
5022,1920,NORTH_ATLANTIC
5028,1920,CARIBBEAN_SEA
5035,1919,NORTH_ATLANTIC
5036,1919,NORTH_ATLANTIC
5037,1919,NORTH_ATLANTIC
5044,1919,NORTH_ATLANTIC
5045,1918,NORTH_PACIFIC
5046,1918,CARIBBEAN_SEA
5052,1917,NORTH_ATLANTIC
5053,1917,NORTH_PACIFIC
5054,1917,CARIBBEAN_SEA
5055,1917,NORTH_ATLANTIC
5057,1917,NORTH_ATLANTIC
5067,1916,NORTH_ATLANTIC
5068,1916,NORTH_ATLANTIC
5069,1916,NORTH_ATLANTIC
5070,1916,NORTH_ATLANTIC
5071,1916,NORTH_ATLANTIC
5072,1916,NORTH_ATLANTIC
5073,1916,NORTH_ATLANTIC
5074,1916,NORTH_ATLANTIC
5075,1916,NORTH_ATLANTIC
5078,1916,NORTH_ATLANTIC
5079,1916,NORTH_ATLANTIC
5080,1916,NORTH_ATLANTIC
5082,1916,NORTH_ATLANTIC
5089,1915,NORTH_ATLANTIC
5090,1915,GULF_OF_MEXICO
5097,1915,NORTH_ATLANTIC
5100,1914,CARIBBEAN_SEA
5101,1914,NORTH_ATLANTIC
5103,1914,NORTH_ATLANTIC
5108,1914,NORTH_ATLANTIC
5109,1914,NORTH_ATLANTIC
5110,1914,NORTH_PACIFIC
5115,1913,NORTH_ATLANTIC
5118,1913,NORTH_ATLANTIC
5120,1913,NORTH_ATLANTIC
5121,1913,NORTH_ATLANTIC
5123,1913,NORTH_ATLANTIC
5124,1913,NORTH_ATLANTIC
5131,1912,GULF_OF_MEXICO
5132,1912,NORTH_ATLANTIC
5144,1911,NORTH_ATLANTIC
5145,1911,NORTH_ATLANTIC
5147,1911,GULF_OF_MEXICO
5148,1911,NORTH_ATLANTIC
5149,1911,NORTH_ATLANTIC
5151,1911,NORTH_ATLANTIC
5153,1911,GULF_OF_MEXICO
5158,1911,GULF_OF_MEXICO
5166,1910,GULF_OF_MEXICO
5167,1910,CARIBBEAN_SEA
5169,1910,NORTH_PACIFIC
5172,1910,NORTH_PACIFIC
5174,1909,NORTH_ATLANTIC
5178,1909,NORTH_ATLANTIC
5179,1909,NORTH_ATLANTIC
5180,1909,NORTH_ATLANTIC
5181,1909,NORTH_ATLANTIC
5182,1909,NORTH_PACIFIC
5186,1909,NORTH_PACIFIC
5193,1908,GULF_OF_MEXICO
5195,1908,NORTH_PACIFIC
5200,1908,GULF_OF_MEXICO
5203,1908,NORTH_ATLANTIC
5204,1908,NORTH_PACIFIC
5210,1907,CARIBBEAN_SEA
5211,1907,NORTH_PACIFIC
5216,1907,NORTH_ATLANTIC
5219,1907,NORTH_ATLANTIC
5220,1907,NORTH_PACIFIC
5221,1907,NORTH_ATLANTIC
5227,1907,NORTH_PACIFIC
5228,1906,CARIBBEAN_SEA
5229,1906,NORTH_PACIFIC
5230,1906,NORTH_PACIFIC
5231,1906,NORTH_PACIFIC
5232,1906,NORTH_PACIFIC
5236,1906,NORTH_PACIFIC
5238,1906,NORTH_ATLANTIC
5239,1906,GULF_OF_MEXICO
5253,1905,NORTH_ATLANTIC
5255,1905,NORTH_ATLANTIC
5257,1905,NORTH_ATLANTIC
5258,1905,NORTH_ATLANTIC
5264,1905,NORTH_ATLANTIC
5267,1904,CARIBBEAN_SEA
5268,1904,CARIBBEAN_SEA
5269,1904,NORTH_ATLANTIC
5270,1904,GULF_OF_MEXICO
5277,1904,NORTH_PACIFIC
5278,1903,CARIBBEAN_SEA
5279,1903,NORTH_ATLANTIC
5280,1903,SOUTH_PACIFIC
5282,1903,GULF_OF_MEXICO
5287,1903,NORTH_PACIFIC
5288,1902,NORTH_PACIFIC
5290,1902,GULF_OF_MEXICO
5293,1902,NORTH_PACIFIC
5295,1902,NORTH_ATLANTIC
5311,1901,NORTH_ATLANTIC
5316,1900,NORTH_ATLANTIC
5317,1900,NORTH_PACIFIC
5318,1900,NORTH_ATLANTIC
5320,1900,NORTH_PACIFIC
5321,1900,NORTH_ATLANTIC
5323,1900,NORTH_PACIFIC
5329,1899,GULF_OF_MEXICO
5330,1899,NORTH_PACIFIC
5331,1899,NORTH_ATLANTIC
5335,1899,NORTH_ATLANTIC
5342,1899,NORTH_ATLANTIC
5343,1899,NORTH_ATLANTIC
5345,1898,NORTH_PACIFIC
5348,1898,NORTH_ATLANTIC
5352,1898,CARIBBEAN_SEA
5356,1898,NORTH_ATLANTIC
5357,1898,CARIBBEAN_SEA
5358,1898,CARIBBEAN_SEA
5359,1898,CARIBBEAN_SEA
5360,1898,NORTH_ATLANTIC
5362,1898,NORTH_PACIFIC
5364,1897,GULF_OF_MEXICO
5366,1897,NORTH_ATLANTIC
5367,1897,NORTH_ATLANTIC
5371,1897,NORTH_ATLANTIC
5380,1896,NORTH_PACIFIC
5381,1896,NORTH_ATLANTIC
5383,1896,NORTH_ATLANTIC
5384,1896,CARIBBEAN_SEA
5386,1895,CARIBBEAN_SEA
5388,1895,CARIBBEAN_SEA
5390,1895,NORTH_ATLANTIC
5391,1895,NORTH_ATLANTIC
5392,1895,NORTH_ATLANTIC
5396,1895,NORTH_ATLANTIC
5405,1894,NORTH_ATLANTIC
5407,1894,GULF_OF_MEXICO
5408,1894,NORTH_ATLANTIC
5410,1894,GULF_OF_MEXICO
5411,1894,NORTH_ATLANTIC
5412,1894,NORTH_ATLANTIC
5414,1894,NORTH_ATLANTIC
5416,1894,NORTH_ATLANTIC
5426,1893,CARIBBEAN_SEA
5436,1892,GULF_OF_MEXICO
5438,1892,CARIBBEAN_SEA
5440,1892,NORTH_ATLANTIC
5447,1891,NORTH_ATLANTIC
5448,1891,NORTH_ATLANTIC
5449,1891,NORTH_ATLANTIC
5451,1891,CARIBBEAN_SEA
5455,1890,NORTH_ATLANTIC
5456,1890,NORTH_ATLANTIC
5470,1889,NORTH_PACIFIC
5472,1889,NORTH_ATLANTIC
5473,1889,GULF_OF_MEXICO
5475,1889,NORTH_ATLANTIC
5481,1888,NORTH_ATLANTIC
5482,1888,NORTH_ATLANTIC
5483,1888,CARIBBEAN_SEA
5492,1887,CARIBBEAN_SEA
5494,1887,NORTH_ATLANTIC
5495,1887,NORTH_ATLANTIC
5501,1887,SOUTH_ATLANTIC
5504,1886,NORTH_ATLANTIC
5505,1886,NORTH_ATLANTIC
5506,1886,NORTH_ATLANTIC
5508,1886,NORTH_PACIFIC
5522,1885,NORTH_PACIFIC
5523,1885,NORTH_PACIFIC
5524,1885,NORTH_PACIFIC
5530,1884,NORTH_ATLANTIC
5531,1884,NORTH_ATLANTIC
5541,1883,NORTH_ATLANTIC
5542,1883,NORTH_ATLANTIC
5543,1883,NORTH_ATLANTIC
5553,1882,NORTH_ATLANTIC
5556,1881,NORTH_ATLANTIC
5557,1881,NORTH_ATLANTIC
5559,1881,NORTH_ATLANTIC
5561,1881,GULF_OF_MEXICO
5567,1880,NORTH_ATLANTIC
5570,1880,NORTH_PACIFIC
5576,1880,NORTH_ATLANTIC
5583,1879,NORTH_PACIFIC
5586,1879,GULF_OF_MEXICO
5590,1878,NORTH_ATLANTIC
5593,1878,NORTH_ATLANTIC
5594,1878,NORTH_ATLANTIC
5614,1876,GULF_OF_MEXICO
5629,1874,NORTH_PACIFIC
5630,1874,NORTH_ATLANTIC
5633,1874,NORTH_ATLANTIC
5636,1873,NORTH_ATLANTIC
5639,1873,CARIBBEAN_SEA
5643,1872,NORTH_PACIFIC
5648,1871,NORTH_PACIFIC
5649,1871,NORTH_ATLANTIC
5655,1870,NORTH_ATLANTIC
5672,1867,GULF_OF_MEXICO
5673,1867,CARIBBEAN_SEA
5674,1867,CARIBBEAN_SEA
5676,1865,NORTH_ATLANTIC
5677,1865,GULF_OF_MEXICO
5682,1864,NORTH_ATLANTIC
5684,1864,CARIBBEAN_SEA
5689,1863,NORTH_ATLANTIC
5705,1862,NORTH_PACIFIC
5708,1861,CARIBBEAN_SEA
5713,1860,NORTH_ATLANTIC
5717,1860,NORTH_ATLANTIC
5718,1859,NORTH_PACIFIC
5719,1858,NORTH_ATLANTIC
5720,1858,NORTH_ATLANTIC
5728,1855,NORTH_ATLANTIC
5736,1853,NORTH_ATLANTIC
5737,1853,NORTH_ATLANTIC
5739,1853,NORTH_ATLANTIC
5740,1853,NORTH_ATLANTIC
5741,1853,NORTH_ATLANTIC
5746,1852,NORTH_ATLANTIC
5751,1852,NORTH_ATLANTIC
5752,1851,NORTH_PACIFIC
5753,1851,NORTH_PACIFIC
5754,1851,NORTH_PACIFIC
5755,1850,NORTH_PACIFIC
5759,1849,NORTH_ATLANTIC
5760,1849,NORTH_ATLANTIC
5762,1848,NORTH_ATLANTIC
5768,1847,NORTH_ATLANTIC
5769,1847,NORTH_ATLANTIC
5770,1846,GULF_OF_MEXICO
5773,1845,NORTH_ATLANTIC
5779,1842,NORTH_ATLANTIC
5786,1840,NORTH_ATLANTIC
5788,1839,CARIBBEAN_SEA
5791,1837,NORTH_ATLANTIC
5793,1837,NORTH_ATLANTIC
5802,1830,NORTH_ATLANTIC
5806,1829,CARIBBEAN_SEA
5808,1828,NORTH_PACIFIC
5811,1827,CARIBBEAN_SEA
5813,1826,SOUTH_ATLANTIC
5815,1826,CARIBBEAN_SEA
5821,1817,NORTH_ATLANTIC
5825,1816,NORTH_ATLANTIC
5829,1805,NORTH_ATLANTIC
5837,1779,NORTH_PACIFIC
5844,1749,CARIBBEAN_SEA
5851,1703,CARIBBEAN_SEA
5854,1700,CARIBBEAN_SEA
5859,1642,NORTH_ATLANTIC
5864,1543,CARIBBEAN_SEA
