Year,Type,Country,US zone,Area,Sex,Age,Fatal Attack
2016,Unprovoked,USA,SE coast,Florida,Male,16,No
2016,Unprovoked,USA,SE coast,Florida,Male,36,No
2016,Unprovoked,USA,SE coast,Florida,Male,43,No
2016,Unprovoked,USA,SE coast,Florida,Male,Uknown,No
2016,Unprovoked,USA,Pacific Islands,Hawaii,Female,51,No
2016,Unprovoked,USA,SE coast,South Carolina,Female,12,No
2016,Unprovoked,USA,SE coast,Florida,Male,9,No
2016,Unprovoked,USA,SW coast,California,Male,22,No
2016,Unprovoked,USA,SE coast,Florida,Male,25,No
2016,Unprovoked,USA,SE coast,Florida,Male,37,No
2016,Unprovoked,USA,SE coast,Florida,Male,49,No
2016,Unprovoked,USA,Pacific Islands,Hawaii,Male,21,No
2016,Unprovoked,USA,SE coast,Florida,Male,22,No
2016,Provoked,USA,SE coast,Florida,Male,43,No
2016,Boat,USA,SE coast,Alabama,Uknown,Uknown,No
2016,Unprovoked,USA,SE coast,Florida,Female,9,No
2016,Unprovoked,USA,SE coast,Florida,Female,11,No
2016,Unprovoked,USA,SE coast,South Carolina,Male,Uknown,No
2016,Boat,USA,SW coast,California,Male,Uknown,No
2016,Provoked,USA,NE coast,Massachusetts,Male,59,No
2016,Boat,USA,SW coast,California,Male,Uknown,No
2016,Unprovoked,USA,SE coast,Florida,Female,42,No
2016,Unprovoked,USA,SE coast,South Carolina,Male,35,No
2016,Unprovoked,USA,SE coast,North Carolina,Male,11,No
2016,Unprovoked,USA,SE coast,South Carolina,Male,42,No
2016,Unprovoked,USA,SE coast,Florida,Male,Uknown,No
2016,Unprovoked,USA,Pacific Islands,Hawaii,Male,Uknown,No
2016,Unprovoked,USA,SE coast,Texas,Female,6,No
2016,Unprovoked,USA,SE coast,North Carolina,Male,19,No
2016,Unprovoked,USA,SE coast,Florida,Male,64,No
2016,Unprovoked,USA,SW coast,California,Female,52,No
2016,Unprovoked,USA,SE coast,Florida,Male,13,No
2016,Unprovoked,USA,SE coast,Florida,Female,57,No
2016,Unprovoked,USA,SE coast,Florida,Female,22,No
2016,Unprovoked,USA,SE coast,Florida,Female,11,No
2016,Unprovoked,USA,SE coast,Florida,Male,48,No
2016,Provoked,USA,SE coast,Florida,Female,23,No
2016,Unprovoked,USA,Pacific Islands,Hawaii,Male,59,No
2016,Unprovoked,USA,SE coast,Florida,Male,15,No
2016,Unprovoked,USA,SE coast,Florida,Male,26,No
2016,Unprovoked,USA,SE coast,Florida,Male,34,No
2016,Unprovoked,USA,Pacific Islands,Hawaii,Female,46,No
2016,Unprovoked,USA,SE coast,Florida,Male,Uknown,No
2016,Unprovoked,USA,SE coast,Florida,Male,19,No
2016,Unprovoked,USA,SE coast,Florida,Male,12,No
2016,Unprovoked,USA,Pacific Islands,Hawaii,Male,Uknown,No
2016,Unprovoked,USA,Pacific Islands,Hawaii,Female,15,No
2016,Unprovoked,USA,SE coast,Texas,Male,Uknown,No
2016,Unprovoked,USA,Pacific Islands,Hawaii,Male,48,No
2015,Unprovoked,USA,Pacific Islands,Hawaii,Male,71,No
2015,Unprovoked,USA,SE coast,Florida,Male,Uknown,No
2015,Unprovoked,USA,SE coast,Florida,Female,Uknown,No
2015,Unprovoked,USA,SE coast,Florida,Male,28,No
2015,Unprovoked,USA,Pacific Islands,Hawaii,Male,54,No
2015,Unprovoked,USA,SE coast,Florida,Female,28,No
2015,Unprovoked,USA,Pacific Islands,Hawaii,Male,10,No
2015,Unprovoked,USA,SE coast,Florida,Male,21,No
2015,Unprovoked,USA,SE coast,Florida,Male,21,No
2015,Unprovoked,USA,Pacific Islands,Hawaii,Male,44,No
2015,Boat,USA,SW coast,California,Male,Uknown,No
2015,Unprovoked,USA,SE coast,South Carolina,Female,9,No
2015,Unprovoked,USA,Pacific Islands,Hawaii,Male,25,No
2015,Unprovoked,USA,SE coast,Florida,Male,22,No
2015,Unprovoked,USA,SE coast,Texas,Male,13,No
2015,Unprovoked,USA,SE coast,Florida,Male,14,No
2015,Unprovoked,USA,SE coast,Florida,Male,22,No
2015,Unprovoked,USA,SW coast,California,Male,Uknown,No
2015,Unprovoked,USA,SE coast,Florida,Male,14,No
2015,Unprovoked,USA,Pacific Islands,Hawaii,Male,27,No
2015,Unprovoked,USA,SE coast,Florida,Male,12,No
2015,Unprovoked,USA,SE coast,Florida,Male,16,No
2015,Unprovoked,USA,SE coast,Florida,Male,Uknown,No
2015,Unprovoked,USA,SE coast,Florida,Male,20,No
2015,Unprovoked,USA,SW coast,California,Female,50,No
2015,Provoked,USA,SW coast,California,Male,29,No
2015,Unprovoked,USA,SE coast,South Carolina,Male,Uknown,No
2015,Unprovoked,USA,SW coast,California,Female,54,No
2015,Unprovoked,USA,SW coast,California,Male,21,No
2015,Unprovoked,USA,SE coast,South Carolina,Male,15,No
2015,Unprovoked,USA,SE coast,Florida,Female,10,No
2015,Unprovoked,USA,SW coast,California,Male,22,No
2015,Provoked,USA,SW coast,California,Male,57,No
2015,Unprovoked,USA,SE coast,Florida,Male,25,No
2015,Provoked,USA,SW coast,California,Male,31,No
2015,Unprovoked,USA,SW coast,California,Male,38,No
2015,Unprovoked,USA,SE coast,North Carolina,Male,32,No
2015,Unprovoked,USA,SE coast,North Carolina,Male,68,No
2015,Unprovoked,USA,SE coast,South Carolina,Male,12,No
2015,Unprovoked,USA,SE coast,North Carolina,Male,18,No
2015,Unprovoked,USA,SE coast,South Carolina,Male,43,No
2015,Unprovoked,USA,SE coast,North Carolina,Male,47,No
2015,Unprovoked,USA,SE coast,North Carolina,Male,6,No
2015,Unprovoked,USA,SE coast,South Carolina,Male,9,No
2015,Unprovoked,USA,SE coast,Florida,Male,10,No
2015,Unprovoked,USA,SE coast,North Carolina,Male,16,No
2015,Unprovoked,USA,SE coast,North Carolina,Female,12,No
2015,Unprovoked,USA,SW coast,California,Female,Uknown,No
2015,Unprovoked,USA,SE coast,North Carolina,Female,13,No
2015,Unprovoked,USA,SE coast,Florida,Male,11,No
2015,Unprovoked,USA,SE coast,Florida,Female,17,No
2015,Unprovoked,USA,SE coast,Florida,Female,14,No
2015,Unprovoked,USA,SE coast,Florida,Female,19,No
2015,Unprovoked,USA,SE coast,Florida,Female,13,No
2015,Unprovoked,USA,SE coast,Florida,Male,18,No
2015,Unprovoked,USA,SE coast,South Carolina,Male,30,No
2015,Unprovoked,USA,SE coast,Florida,Male,Uknown,No
2015,Unprovoked,USA,Pacific Islands,Hawaii,Female,65,Yes
2015,Unprovoked,USA,SE coast,Florida,Male,63,No
2015,Unprovoked,USA,SE coast,Florida,Male,48,No
2015,Unprovoked,USA,SE coast,Florida,Male,70,No
2015,Unprovoked,USA,Pacific Islands,Hawaii,Male,58,No
2015,Provoked,USA,Pacific Islands,Hawaii,Male,20,No
2015,Boat,USA,SE coast,Florida,Male,Uknown,No
2015,Unprovoked,USA,SE coast,Florida,Male,12,No
2014,Unprovoked,USA,SW coast,California,Male,50,No
2014,Unprovoked,USA,SE coast,Florida,Male,44,No
2014,Boat,USA,SW coast,California,Uknown,Uknown,No
2014,Unprovoked,USA,Pacific Islands,Hawaii,Male,53,No
2014,Unprovoked,USA,SE coast,Florida,Male,18,No
2014,Unprovoked,USA,Pacific Islands,Hawaii,Female,34,No
2014,Unprovoked,USA,Pacific Islands,Hawaii,Female,Uknown,No
2014,Unprovoked,USA,Pacific Islands,Hawaii,Male,Uknown,No
2014,Boat,USA,SW coast,California,Female,Uknown,No
2014,Unprovoked,USA,Pacific Islands,Hawaii,Male,Uknown,No
2014,Unprovoked,USA,SE coast,South Carolina,Female,7,No
2014,Unprovoked,USA,SE coast,Florida,Female,Uknown,No
2014,Unprovoked,USA,SE coast,Florida,Female,40,No
2014,Unprovoked,USA,SE coast,Florida,Male,29,No
2014,Unprovoked,USA,SE coast,Florida,Male,15,No
2014,Boat,USA,SW coast,California,Male,Uknown,No
2014,Boat,USA,SW coast,California,Male,Uknown,No
2014,Unprovoked,USA,SW coast,California,Male,28,No
2014,Unprovoked,USA,SE coast,Florida,Male,Uknown,No
2014,Unprovoked,USA,SE coast,Alabama,Male,43,No
2014,Unprovoked,USA,NE coast,Massachusetts,Female,Uknown,No
2014,Provoked,USA,SE coast,Florida,Male,52,No
2014,Unprovoked,USA,SE coast,Florida,Female,13,No
2014,Unprovoked,USA,SE coast,Florida,Male,17,No
2014,Provoked,USA,NE coast,Maryland,Male,33,No
2014,Unprovoked,USA,SE coast,North Carolina,Male,29,No
2014,Unprovoked,USA,SE coast,South Carolina,Female,Uknown,No
2014,Provoked,USA,SE coast,Florida,Male,Uknown,No
2014,Unprovoked,USA,SE coast,North Carolina,Uknown,Uknown,No
2014,Unprovoked,USA,SE coast,Florida,Male,Uknown,No
2014,Unprovoked,USA,SE coast,Florida,Male,26,No
2014,Unprovoked,USA,SE coast,Florida,Female,10,No
2014,Unprovoked,USA,SE coast,Louisiana,Male,7,No
2014,Unprovoked,USA,SE coast,South Carolina,Male,10,No
2014,Unprovoked,USA,SE coast,Florida,Female,45,No
2014,Unprovoked,USA,SE coast,Florida,Male,50,No
2014,Unprovoked,USA,SE coast,Florida,Male,8,No
2014,Unprovoked,USA,SE coast,North Carolina,Male,Uknown,No
2014,Unprovoked,USA,SE coast,Florida,Male,8,No
2014,Unprovoked,USA,Pacific Islands,Hawaii,Male,61,No
2014,Unprovoked,USA,SE coast,Florida,Male,39,No
2014,Unprovoked,USA,SE coast,North Carolina,Male,Uknown,No
2014,Unprovoked,USA,SE coast,Florida,Male,14,No
2014,Provoked,USA,SW coast,California,Male,Uknown,No
2014,Unprovoked,USA,SW coast,California,Male,Uknown,No
2014,Unprovoked,USA,SE coast,South Carolina,Male,19,No
2014,Unprovoked,USA,NE coast,Delaware,Male,16,No
2014,Unprovoked,USA,SE coast,Texas,Female,14,No
2014,Unprovoked,USA,SE coast,Florida,Female,22,No
2014,Unprovoked,USA,Pacific Islands,Palmyra Atoll,Female,37,No
2014,Unprovoked,USA,SE coast,Florida,Female,38,No
2014,Unprovoked,USA,SE coast,Florida,Female,44,No
2014,Unprovoked,USA,SE coast,Georgia,Male,12,No
2014,Unprovoked,USA,SE coast,South Carolina,Female,40,No
2014,Unprovoked,USA,SE coast,Florida,Male,23,No
2014,Unprovoked,USA,SE coast,Florida,Maleale,42,No
2014,Unprovoked,USA,SE coast,Florida,Male,25,No
2014,Unprovoked,USA,SE coast,Florida,Male,Uknown,No
2014,Unprovoked,USA,SE coast,Florida,Male,Uknown,No
2014,Unprovoked,USA,SE coast,Florida,Male,Uknown,No
2014,Unprovoked,USA,SE coast,Florida,Male,9,No
2014,Unprovoked,USA,SE coast,Florida,Male,21,No
2013,Unprovoked,USA,Pacific Islands,Hawaii,Male,29,No
2013,Unprovoked,USA,SE coast,Florida,Male,30,No
2013,Unprovoked,USA,Pacific Islands,Hawaii,Male,57,Yes
2013,Unprovoked,USA,Pacific Islands,Hawaii,Female,58,No
2013,Unprovoked,USA,NW coast,Oregon,Male,25,No
2013,Unprovoked,USA,NE coast,New Jersey,Male,16,No
2013,Unprovoked,USA,SE coast,Florida,Male,Uknown,No
2013,Unprovoked,USA,Pacific Islands,Hawaii,Male,46,No
2013,Unprovoked,USA,Pacific Islands,Hawaii,Male,45,No
2013,Unprovoked,USA,Pacific Islands,Hawaii,Male,25,No
2013,Unprovoked,USA,SE coast,Florida,Male,6,No
2013,Unprovoked,USA,SW coast,California,Male,45,No
2013,Unprovoked,USA,SE coast,Florida,Male,12,No
2013,Unprovoked,USA,SE coast,Florida,Male,50,No
2013,Unprovoked,USA,SE coast,Florida,Male,7,No
2013,Unprovoked,USA,SE coast,Florida,Male,45,No
2013,Unprovoked,USA,SE coast,Florida,Male,Uknown,No
2013,Unprovoked,USA,SE coast,Florida,Male,21,No
2013,Unprovoked,USA,SE coast,Florida,Female,13,No
2013,Unprovoked,USA,SE coast,South Carolina,Female,Uknown,UNoKNoOWNo
2013,Provoked,USA,SE coast,Florida,Male,43,No
2013,Unprovoked,USA,SE coast,Florida,Male,25,No
2013,Unprovoked,USA,SE coast,Florida,Male,17,No
2013,Provoked,USA,SE coast,Florida,Male,3,No
2013,Unprovoked,USA,SE coast,Florida,Male,9,No
2013,Unprovoked,USA,SW coast,California,Male,Uknown,No
2013,Unprovoked,USA,SE coast,Florida,Female,11,No
2013,Unprovoked,USA,Pacific Islands,Hawaii,Male,16,No
2013,Unprovoked,USA,SW coast,California,Female,Uknown,No
2013,Unprovoked,USA,Pacific Islands,Hawaii,Female,20,Yes
2013,Unprovoked,USA,Pacific Islands,Hawaii,Female,19,No
2013,Unprovoked,USA,SE coast,South Carolina,Male,10,No
2013,Unprovoked,USA,SE coast,Florida,Male,17,No
2013,Unprovoked,USA,Pacific Islands,Hawaii,Female,56,No
2013,Unprovoked,USA,SE coast,South Carolina,Male,32,No
2013,Unprovoked,USA,Pacific Islands,Hawaii,Male,18,No
2013,Unprovoked,USA,SE coast,Alabama,Female,50,No
2013,Unprovoked,USA,SE coast,Florida,Male,Uknown,No
2013,Unprovoked,USA,SE coast,North Carolina,Female,63,No
2013,Unprovoked,USA,SW coast,California,Male,Uknown,No
2013,Unprovoked,USA,SE coast,Florida,Male,Uknown,No
2013,Unprovoked,USA,SE coast,South Carolina,Male,14,No
2013,Unprovoked,USA,Pacific Islands,Hawaii,Male,28,No
2013,Unprovoked,USA,SE coast,Texas,Male,15,No
2013,Unprovoked,USA,SE coast,Florida,Female,Uknown,No
2013,Unprovoked,USA,SE coast,South Carolina,Female,10,No
2013,Provoked,USA,SE coast,Florida,Male,58,No
2013,Unprovoked,USA,Pacific Islands,Hawaii,Male,32,No
2013,Unprovoked,USA,SE coast,Florida,Male,11,No
2013,Unprovoked,USA,SE coast,Florida,Male,16,No
2013,Unprovoked,USA,SE coast,Florida,Male,9,No
2013,Unprovoked,USA,SE coast,Florida,Male,21,No
2013,Unprovoked,USA,SE coast,Florida,Male,50,No
2013,Unprovoked,USA,Pacific Islands,Hawaii,Male,58,No
2013,Unprovoked,USA,Pacific Islands,Hawaii,Uknown,Uknown,No
2013,Unprovoked,USA,Pacific Islands,Hawaii,Male,Uknown,No
2013,Unprovoked,USA,SE coast,Florida,Male,16,No
2013,Unprovoked,USA,Pacific Islands,Hawaii,Male,43,No
2012,Unprovoked,USA,SE coast,Florida,Male,Uknown,No
2012,Unprovoked,USA,Pacific Islands,Hawaii,Male,60,No
2012,Unprovoked,USA,Pacific Islands,Hawaii,Male,61,No
2012,Unprovoked,USA,SE coast,Florida,Male,14,No
2012,Unprovoked,USA,Pacific Islands,Hawaii,Male,30,No
2012,Unprovoked,USA,Pacific Islands,Hawaii,Male,43,No
2012,Unprovoked,USA,SW coast,California,Male,25,No
2012,Unprovoked,USA,Pacific Islands,Hawaii,Female,51,No
2012,Unprovoked,USA,SW coast,California,Male,39,Yes
2012,Unprovoked,USA,SE coast,Florida,Female,35,No
2012,Unprovoked,USA,SE coast,Florida,Male,24,No
2012,Unprovoked,USA,Pacific Islands,Hawaii,Male,55,No
2012,Unprovoked,USA,SW coast,California,Male,42,No
2012,Unprovoked,USA,SE coast,Florida,Male,21,No
2012,Unprovoked,USA,SE coast,Florida,Male,22,No
2012,Unprovoked,USA,SE coast,Florida,Male,52,No
2012,Unprovoked,USA,SE coast,Florida,Uknown,19,No
2012,Unprovoked,USA,SE coast,Florida,Male,25,No
2012,Unprovoked,USA,SE coast,Florida,Male,Uknown,No
2012,Unprovoked,USA,SE coast,Florida,Male,Uknown,No
2012,Unprovoked,USA,SE coast,Florida,Male,37,No
2012,Unprovoked,USA,SE coast,Florida,Male,32,No
2012,Unprovoked,USA,SE coast,Florida,Female,8,No
2012,Provoked,USA,Pacific Islands,Hawaii,Uknown,Uknown,No
2012,Unprovoked,USA,SE coast,Florida,Female,56,No
2012,Unprovoked,USA,SE coast,Alabama,Male,31,No
2012,Unprovoked,USA,SE coast,Florida,Male,56,No
2012,Unprovoked,USA,SW coast,California,Male,17,No
2012,Unprovoked,USA,Pacific Islands,Hawaii,Male,44,No
2012,Unprovoked,USA,NE coast,Massachusetts,Male,50,No
2012,Unprovoked,USA,SE coast,North Carolina,Female,43,No
2012,Unprovoked,USA,SW coast,California,Male,52,No
2012,Unprovoked,USA,SE coast,Florida,Male,6,No
2012,Unprovoked,USA,SE coast,Florida,Male,26,No
2012,Unprovoked,USA,Pacific Islands,Hawaii,Female,16,No
2012,Unprovoked,USA,SE coast,Florida,Male,12,No
2012,Unprovoked,USA,SE coast,North Carolina,Female,6,No
2012,Provoked,USA,SE coast,Florida,Male,23,No
2012,Unprovoked,USA,SE coast,South Carolina,Female,18,No
2012,Unprovoked,USA,SE coast,South Carolina,Male,Uknown,No
2012,Unprovoked,USA,SE coast,South Carolina,Male,Uknown,No
2012,Unprovoked,USA,SE coast,South Carolina,Male,16,No
2012,Unprovoked,USA,SE coast,Florida,Female,12,No
2012,Unprovoked,USA,SE coast,South Carolina,Male,25,No
2012,Unprovoked,USA,SE coast,North Carolina,Female,33,No
2012,Unprovoked,USA,SE coast,Florida,Male,22,No
2012,Unprovoked,USA,Pacific Islands,Hawaii,Male,Uknown,No
2012,Unprovoked,USA,SW coast,California,Male,30,No
2012,Unprovoked,USA,SE coast,Florida,Female,47,No
2012,Unprovoked,USA,SW coast,California,Female,15,No
2012,Unprovoked,USA,SE coast,Florida,Male,28,No
2012,Unprovoked,USA,Pacific Islands,Hawaii,Male,28,No
2012,Unprovoked,USA,SE coast,Florida,Male,Uknown,No
2012,Unprovoked,USA,SE coast,Florida,Male,21,No
2012,Unprovoked,USA,SE coast,Florida,Male,61,No
2012,Unprovoked,USA,SE coast,Florida,Female,15,No
2012,Unprovoked,USA,SE coast,Florida,Male,17,No
2012,Unprovoked,USA,SE coast,Florida,Male,19,No
2012,Provoked,USA,SE coast,Florida,Male,Uknown,No
2012,Unprovoked,USA,Pacific Islands,Hawaii,Uknown,Uknown,No
2012,Unprovoked,USA,NW coast,Oregon,Male,53,No
2011,Unprovoked,USA,SE coast,Florida,Male,Uknown,No
2011,Unprovoked,USA,SE coast,Florida,Male,27,No
2011,Provoked,USA,Pacific Islands,Hawaii,Male,Uknown,No
2011,Unprovoked,USA,NW coast,Oregon,Female,Uknown,No
2011,Unprovoked,USA,SW coast,California,Male,Uknown,No
2011,Unprovoked,USA,SW coast,California,Male,27,No
2011,Unprovoked,USA,NW coast,Oregon,Male,41,No
2011,Unprovoked,USA,SE coast,Florida,Male,Uknown,No
2011,Unprovoked,USA,NW coast,Oregon,Male,Uknown,No
2011,Unprovoked,USA,SE coast,Florida,Male,Uknown,No
2011,Unprovoked,USA,SE coast,Alabama,Male,29,No
2011,Unprovoked,USA,SE coast,Florida,Male,21,No
2011,Unprovoked,USA,SE coast,South Carolina,Male,5,No
2011,Boat,USA,Pacific Islands,Hawaii,Male,Uknown,No
2011,Unprovoked,USA,SE coast,Florida,Male,25,No
2011,Unprovoked,USA,SW coast,California,Male,37,No
2011,Unprovoked,USA,Pacific Islands,Hawaii,Uknown,Uknown,No
2011,Unprovoked,USA,SE coast,Florida,Male,19,No
2011,Unprovoked,USA,SE coast,Florida,Male,19,No
2011,Unprovoked,USA,SE coast,Texas,Female,39,No
2011,Unprovoked,USA,SE coast,North Carolina,Male,21,No
2011,Unprovoked,USA,SE coast,North Carolina,Male,10,No
2011,Unprovoked,USA,SE coast,North Carolina,Female,Uknown,No
2011,Unprovoked,USA,Caribean Islands,Puerto Rico,Male,27,No
2011,Unprovoked,USA,SE coast,North Carolina,Male,54,No
2011,Unprovoked,USA,NE coast,New Jersey,Male,Uknown,No
2011,Unprovoked,USA,SE coast,North Carolina,Female,6,No
2011,Unprovoked,USA,SE coast,Texas,Male,Uknown,No
2011,Unprovoked,USA,SE coast,Texas,Male,12,No
2011,Unprovoked,USA,SE coast,Texas,Male,14,No
2011,Unprovoked,USA,SE coast,North Carolina,Female,10,No
2011,Unprovoked,USA,SW coast,California,Male,Uknown,No
2011,Unprovoked,USA,SE coast,Florida,Male,20,No
2011,Unprovoked,USA,SE coast,Florida,Male,28,No
2011,Unprovoked,USA,SW coast,California,Male,28,No
2011,Unprovoked,USA,SE coast,Florida,Male,19,No
2011,Unprovoked,USA,SE coast,Texas,Female,22,No
2011,Unprovoked,USA,Pacific Islands,Hawaii,Female,Uknown,No
2011,Unprovoked,USA,Pacific Islands,Hawaii,Female,Uknown,No
2011,Unprovoked,USA,SE coast,Florida,Male,86,No
2011,Unprovoked,USA,SE coast,Florida,Male,37,No
2011,Provoked,USA,SE coast,Florida,Male,Uknown,No
2011,Unprovoked,USA,SE coast,Florida,Male,32,No
2011,Unprovoked,USA,SE coast,Florida,Male,49,No
2011,Provoked,USA,SE coast,Texas,Male,Uknown,No
2010,Unprovoked,USA,Pacific Islands,Hawaii,Male,16,No
2010,Unprovoked,USA,Pacific Islands,Hawaii,Male,46,No
2010,Provoked,USA,Pacific Islands,Palmyra Atoll,Male,33,No
2010,Unprovoked,USA,NW coast,Oregon,Male,Uknown,No
2010,Unprovoked,USA,NE coast,Maine,Male,30,No
2010,Unprovoked,USA,SW coast,California,Male,19,Yes
2010,Unprovoked,USA,NW coast,Oregon,Male,29,No
2010,Unprovoked,USA,NE coast,Virginia,Male,18,No
2010,Unprovoked,USA,SE coast,Florida,Male,27,No
2010,Unprovoked,USA,SE coast,Florida,Male,Uknown,No
2010,Unprovoked,USA,SE coast,Florida,Male,24,No
2010,Unprovoked,USA,SE coast,Florida,Male,24,No
2010,Unprovoked,USA,SE coast,Florida,Male,10,No
2010,Unprovoked,USA,SW coast,California,Male,45,No
2010,Unprovoked,USA,SE coast,North Carolina,Male,25,No
2010,Unprovoked,USA,SW coast,California,Male,Uknown,No
2010,Unprovoked,USA,SE coast,Florida,Female,37,No
2010,Unprovoked,USA,SE coast,South Carolina,Male,16,No
2010,Unprovoked,USA,SE coast,Florida,Male,20,No
2010,Unprovoked,USA,SE coast,South Carolina,Male,10,No
2010,Unprovoked,USA,SE coast,North Carolina,Female,13,No
2010,Unprovoked,USA,SE coast,Florida,Male,55,No
2010,Unprovoked,USA,SE coast,Texas,Male,Uknown,No
2010,Provoked,USA,SE coast,Florida,Male,Uknown,No
2010,Provoked,USA,NE coast,New York,Male,20,No
2010,Unprovoked,USA,SW coast,California,Male,19,No
2010,Unprovoked,USA,SW coast,California,Male,48,No
2010,Unprovoked,USA,SE coast,Texas,Male,20,No
2010,Unprovoked,USA,SE coast,South Carolina,Female,6,No
2010,Unprovoked,USA,SE coast,North Carolina,Female,13,No
2010,Unprovoked,USA,SE coast,Florida,Female,18,No
2010,Unprovoked,USA,SE coast,Florida,Male,20,No
2010,Provoked,USA,SE coast,Florida,Male,49,No
2010,Unprovoked,USA,SE coast,Florida,Female,10,No
2010,Provoked,USA,SE coast,Florida,Male,29,No
2010,Unprovoked,USA,Pacific Islands,Hawaii,Male,68,No
2010,Provoked,USA,SE coast,Florida,Male,Uknown,No
2010,Unprovoked,USA,SE coast,Florida,Male,38,Yes
2010,Unprovoked,USA,SE coast,Florida,Male,32,No
2009,Provoked,USA,NE coast,New Jersey,Male,58,No
2009,Unprovoked,USA,SE coast,Florida,Male,10,No
2009,Unprovoked,USA,SW coast,California,Male,31,No
2009,Unprovoked,USA,SE coast,Florida,Male,22,No
2009,Unprovoked,USA,SE coast,Florida,Female,27,No
2009,Unprovoked,USA,SE coast,Florida,Male,18,No
2009,Unprovoked,USA,SW coast,California,Male,21,No
2009,Unprovoked,USA,SW coast,California,Male,Uknown,No
2009,Unprovoked,USA,Pacific Islands,Hawaii,Male,54,No
2009,Unprovoked,USA,SW coast,California,Male,Uknown,No
2009,Unprovoked,USA,SE coast,Florida,Male,Uknown,No
2009,Unprovoked,USA,SW coast,California,Male,Uknown,No
2009,Unprovoked,USA,SW coast,California,Female,22,No
2009,Unprovoked,USA,SE coast,Florida,Male,26,No
2009,Unprovoked,USA,Pacific Islands,Hawaii,Male,Uknown,No
2009,Unprovoked,USA,SE coast,Louisiana,Male,56,No
2009,Unprovoked,USA,SE coast,Texas,Female,14,No
2009,Unprovoked,USA,SE coast,North Carolina,Female,26,No
2009,Unprovoked,USA,SE coast,Florida,Female,19,No
2009,Unprovoked,USA,SW coast,California,Male,Uknown,No
2009,Unprovoked,USA,SE coast,Florida,Female,12,No
2009,Provoked,USA,SE coast,Florida,Female,43,No
2009,Provoked,USA,SE coast,Florida,Male,Uknown,No
2009,Unprovoked,USA,SE coast,Florida,Male,31,No
2009,Unprovoked,USA,SE coast,Florida,Male,49,No
2009,Unprovoked,USA,SE coast,Florida,Male,55,No
2009,Unprovoked,USA,SE coast,Florida,Female,Uknown,No
2009,Unprovoked,USA,SW coast,California,Male,Uknown,No
2009,Unprovoked,USA,SE coast,Florida,Male,20,No
2009,Unprovoked,USA,SE coast,Florida,Male,52,No
2009,Unprovoked,USA,SE coast,Florida,Male,31,No
2009,Unprovoked,USA,SW coast,California,Male,Uknown,No
2009,Unprovoked,USA,SE coast,Florida,Male,15,No
2009,Unprovoked,USA,SE coast,Florida,Female,17,No
2009,Unprovoked,USA,Pacific Islands,Hawaii,Male,61,No
2008,Unprovoked,USA,SW coast,California,Male,Uknown,No
2008,Unprovoked,USA,SE coast,Florida,Male,11,No
2008,Unprovoked,USA,SE coast,Florida,Male,44,No
2008,Unprovoked,USA,SE coast,Florida,Male,40,No
2008,Unprovoked,USA,SE coast,Florida,Male,32,No
2008,Unprovoked,USA,Pacific Islands,Hawaii,Male,40,No
2008,Unprovoked,USA,SW coast,California,Male,Uknown,No
2008,Unprovoked,USA,SE coast,Florida,Male,43,No
2008,Unprovoked,USA,SE coast,Florida,Male,15,No
2008,Unprovoked,USA,SE coast,Florida,Male,52,No
2008,Unprovoked,USA,SE coast,Florida,Male,Uknown,No
2008,Unprovoked,USA,SE coast,Florida,Male,19,No
2008,Unprovoked,USA,SE coast,Florida,Male,26,No
2008,Unprovoked,USA,SE coast,Florida,Male,20,No
2008,Unprovoked,USA,SE coast,Florida,Male,47,No
2008,Unprovoked,USA,Caribean Islands,US Virgin Islands,Female,38,No
2008,Unprovoked,USA,SE coast,Florida,Female,13,No
2008,Unprovoked,USA,Pacific Islands,Hawaii,Male,Uknown,No
2008,Unprovoked,USA,Pacific Islands,Hawaii,Male,Uknown,No
2008,Unprovoked,USA,SE coast,Florida,Male,17,No
2008,Unprovoked,USA,Pacific Islands,Hawaii,Female,44,No
2008,Unprovoked,USA,SE coast,North Carolina,Male,9,No
2008,Unprovoked,USA,SE coast,North Carolina,Female,8,No
2008,Provoked,USA,SE coast,Florida,Male,15,No
2008,Unprovoked,USA,SE coast,Florida,Male,16,No
2008,Unprovoked,USA,SE coast,South Carolina,Male,24,No
2008,Unprovoked,USA,SE coast,North Carolina,Female,14,No
2008,Unprovoked,USA,SE coast,South Carolina,Female,17,No
2008,Unprovoked,USA,SE coast,Florida,Male,29,No
2008,Unprovoked,USA,SE coast,South Carolina,Male,37,No
2008,Unprovoked,USA,SW coast,California,Female,40,No
2008,Unprovoked,USA,SE coast,Florida,Female,35,No
2008,Unprovoked,USA,SE coast,Florida,Male,40,No
2008,Unprovoked,USA,SE coast,South Carolina,Female,15,No
2008,Unprovoked,USA,SE coast,North Carolina,Male,9,No
2008,Unprovoked,USA,SE coast,Florida,Male,6,No
2008,Unprovoked,USA,SE coast,Florida,Male,18,No
2008,Unprovoked,USA,SE coast,Florida,Male,24,No
2008,Provoked,USA,SE coast,Florida,Male,21,No
2008,Unprovoked,USA,SW coast,California,Male,66,Yes
2008,Unprovoked,USA,SE coast,Florida,Male,14,No
2008,Unprovoked,USA,SE coast,Florida,Male,30,No
2008,Unprovoked,USA,SE coast,Florida,Male,Uknown,No
2008,Unprovoked,USA,SE coast,Florida,Uknown,Uknown,No
2008,Unprovoked,USA,SE coast,Florida,Male,18,No
2008,Unprovoked,USA,SE coast,Florida,Male,52,No
2008,Unprovoked,USA,SE coast,Florida,Male,15,No
2008,Unprovoked,USA,SE coast,Florida,Male,13,No
2008,Unprovoked,USA,SE coast,Florida,Male,14,No
2008,Unprovoked,USA,SE coast,Florida,Male,8,No
2008,Unprovoked,USA,SW coast,California,Male,27,No
2008,Unprovoked,USA,SE coast,Florida,Male,25,No
2008,Unprovoked,USA,SE coast,Florida,Male,Uknown,No
2008,Unprovoked,USA,SE coast,Florida,Male,20,No
2008,Provoked,USA,SE coast,Florida,Male,Uknown,No
2007,Unprovoked,USA,Pacific Islands,Hawaii,Male,52,No
2007,Unprovoked,USA,SE coast,Florida,Male,21,No
2007,Unprovoked,USA,SE coast,Florida,Male,42,No
2007,Unprovoked,USA,Pacific Islands,Hawaii,Male,32,No
2007,Unprovoked,USA,SW coast,California,Male,22,No
2007,Unprovoked,USA,SE coast,Florida,Male,16,No
2007,Unprovoked,USA,SW coast,California,Male,Uknown,No
2007,Unprovoked,USA,SW coast,California,Female,Uknown,No
2007,Unprovoked,USA,SE coast,Florida,Female,Uknown,No
2007,Unprovoked,USA,SE coast,Florida,Male,23,No
2007,Unprovoked,USA,SE coast,Florida,Male,56,No
2007,Unprovoked,USA,SE coast,Florida,Female,Uknown,No
2007,Unprovoked,USA,SE coast,Florida,Male,14,No
2007,Unprovoked,USA,SE coast,Florida,Female,58,No
2007,Unprovoked,USA,SE coast,Florida,Female,36,No
2007,Unprovoked,USA,SE coast,South Carolina,Male,15,No
2007,Unprovoked,USA,SE coast,Florida,Female,12,No
2007,Unprovoked,USA,SE coast,Florida,Male,58,No
2007,Unprovoked,USA,Pacific Islands,Hawaii,Male,15,No
2007,Unprovoked,USA,SW coast,California,Male,24,No
2007,Unprovoked,USA,SE coast,Florida,Male,54,No
2007,Unprovoked,USA,SE coast,Florida,Male,27,No
2007,Provoked,USA,SE coast,North Carolina,Male,Uknown,No
2007,Provoked,USA,NE coast,Delaware,Male,Uknown,No
2007,Unprovoked,USA,SE coast,Florida,Male,52,No
2007,Unprovoked,USA,SE coast,Florida,Male,16,No
2007,Unprovoked,USA,SE coast,South Carolina,Male,7,No
2007,Unprovoked,USA,SE coast,Florida,Male,20,No
2007,Unprovoked,USA,SE coast,Florida,Female,15,No
2007,Unprovoked,USA,SE coast,Florida,Male,19,No
2007,Unprovoked,USA,SE coast,South Carolina,Male,30,No
2007,Unprovoked,USA,SE coast,South Carolina,Male,9,No
2007,Unprovoked,USA,SE coast,Florida,Female,19,No
2007,Unprovoked,USA,SE coast,Florida,Male,51,No
2007,Unprovoked,USA,SW coast,California,Male,20,No
2007,Unprovoked,USA,SW coast,California,Male,Uknown,No
2007,Boat,USA,SW coast,California,Male,Uknown,No
2007,Unprovoked,USA,Pacific Islands,Hawaii,Male,36,No
2007,Unprovoked,USA,SE coast,North Carolina,Male,14,No
2007,Unprovoked,USA,SE coast,North Carolina,Female,30,No
2007,Unprovoked,USA,SE coast,Florida,Male,18,No
2007,Provoked,USA,SE coast,Florida,Male,Uknown,No
2007,Unprovoked,USA,SW coast,California,Female,Uknown,No
2007,Unprovoked,USA,SE coast,Florida,Male,20,No
2007,Unprovoked,USA,Pacific Islands,Hawaii,Male,Uknown,No
2007,Unprovoked,USA,SE coast,Florida,Female,Uknown,No
2007,Unprovoked,USA,SE coast,South Carolina,Female,Uknown,No
2007,Provoked,USA,NE coast,Virginia,Female,40,No
2007,Unprovoked,USA,SE coast,Florida,Female,21,No
2007,Unprovoked,USA,Pacific Islands,Hawaii,Female,63,No
2007,Unprovoked,USA,SE coast,Florida,Male,68,No
2007,Unprovoked,USA,SE coast,Florida,Male,12,No
2007,Unprovoked,USA,SE coast,Florida,Male,24,No
2007,Boat,USA,SE coast,Florida,Uknown,Uknown,No
2007,Unprovoked,USA,SE coast,Florida,Male,7,No
2007,Unprovoked,USA,SE coast,Florida,Male,27,No
2007,Unprovoked,USA,SE coast,Florida,Male,9,No
2007,Unprovoked,USA,SE coast,Florida,Male,11,No
2007,Provoked,USA,SE coast,Florida,Male,Uknown,No
2007,Unprovoked,USA,SE coast,Florida,Male,29,No
2007,Boat,USA,SE coast,Florida,Uknown,Uknown,No
2007,Unprovoked,USA,Pacific Islands,Hawaii,Male,24,No
2006,Unprovoked,USA,SW coast,California,Male,43,No
2006,Unprovoked,USA,Pacific Islands,Hawaii,Male,29,No
2006,Unprovoked,USA,NW coast,Oregon,Male,22,No
2006,Unprovoked,USA,SE coast,Florida,Male,15,No
2006,Unprovoked,USA,SE coast,Florida,Male,20,No
2006,Unprovoked,USA,SE coast,Texas,Male,Uknown,No
2006,Unprovoked,USA,SE coast,Florida,Male,18,No
2006,Unprovoked,USA,SE coast,Florida,Male,19,No
2006,Provoked,USA,SE coast,Florida,Male,Uknown,No
2006,Unprovoked,USA,SE coast,North Carolina,Male,16,No
2006,Unprovoked,USA,SE coast,Florida,Male,55,No
2006,Unprovoked,USA,SE coast,Florida,Male,52,No
2006,Unprovoked,USA,SE coast,Florida,Male,33,No
2006,Unprovoked,USA,SE coast,Florida,Male,12,No
2006,Unprovoked,USA,NW coast,Oregon,Male,23,No
2006,Unprovoked,USA,SE coast,North Carolina,Female,59,No
2006,Provoked,USA,US Central,Kentucky,Uknown,Uknown,No
2006,Unprovoked,USA,NW coast,Oregon,Male,41,No
2006,Unprovoked,USA,SE coast,Florida,Male,15,No
2006,Unprovoked,USA,SE coast,Florida,Male,14,No
2006,Unprovoked,USA,SE coast,Texas,Male,Uknown,No
2006,Unprovoked,USA,SE coast,South Carolina,Male,49,No
2006,Unprovoked,USA,SE coast,South Carolina,Female,21,No
2006,Unprovoked,USA,SE coast,Florida,Male,40,No
2006,Unprovoked,USA,SE coast,Florida,Male,11,No
2006,Unprovoked,USA,SE coast,South Carolina,Female,14,No
2006,Unprovoked,USA,SE coast,Florida,Male,13,No
2006,Unprovoked,USA,SE coast,Florida,Female,28,No
2006,Unprovoked,USA,SE coast,Florida,Male,35,No
2006,Unprovoked,USA,SE coast,Florida,Female,9,No
2006,Provoked,USA,SE coast,Florida,Male,Uknown,No
2006,Unprovoked,USA,SE coast,Florida,Female,22,No
2006,Unprovoked,USA,SW coast,California,Male,43,No
2006,Unprovoked,USA,SE coast,Florida,Male,24,No
2006,Unprovoked,USA,SE coast,South Carolina,Female,7,No
2006,Unprovoked,USA,Pacific Islands,Hawaii,Male,26,No
2006,Provoked,USA,Pacific Islands,Hawaii,Uknown,Uknown,No
2006,Unprovoked,USA,Pacific Islands,Hawaii,Male,31,No
2006,Provoked,USA,Pacific Islands,Hawaii,Male,15,No
2006,Unprovoked,USA,Philippine Islands,Guam,Female,Uknown,No
2006,Unprovoked,USA,SE coast,Florida,Male,Uknown,No
2006,Unprovoked,USA,SE coast,Florida,Female,Uknown,No
2006,Unprovoked,USA,SE coast,Florida,Male,54,No
2006,Unprovoked,USA,SE coast,Florida,Female,13,No
2006,Provoked,USA,SE coast,Florida,Male,35,No
2006,Unprovoked,USA,SE coast,Florida,Male,11,No
2006,Unprovoked,USA,Pacific Islands,Hawaii,Female,28,No
2006,Unprovoked,USA,Pacific Islands,Hawaii,Female,15,No
2006,Boat,USA,Pacific Islands,Hawaii,Male,57,No
2006,Unprovoked,USA,SW coast,California,Male,Uknown,No
2006,Unprovoked,USA,SE coast,Florida,Male,21,No
2005,Unprovoked,USA,NW coast,Oregon,Male,30,No
2005,Unprovoked,USA,Pacific Islands,Hawaii,Male,29,No
2005,Unprovoked,USA,SE coast,Florida,Male,Uknown,No
2005,Unprovoked,USA,SE coast,Florida,Male,23,No
2005,Unprovoked,USA,SE coast,Florida,Male,Uknown,No
2005,Unprovoked,USA,SE coast,Florida,Male,17,No
2005,Unprovoked,USA,SE coast,Florida,Male,18,No
2005,Unprovoked,USA,SW coast,California,Male,25,No
2005,Unprovoked,USA,SW coast,California,Male,26,No
2005,Unprovoked,USA,SE coast,Florida,Male,15,No
2005,Unprovoked,USA,SW coast,California,Male,36,No
2005,Unprovoked,USA,SW coast,California,Female,20,No
2005,Provoked,USA,SE coast,Florida,Male,15,No
2005,Unprovoked,USA,Pacific Islands,Hawaii,Male,22,No
2005,Unprovoked,USA,SE coast,Florida,Male,48,No
2005,Unprovoked,USA,SE coast,South Carolina,Female,68,No
2005,Unprovoked,USA,SE coast,South Carolina,Male,18,Yes
2005,Unprovoked,USA,SE coast,North Carolina,Female,18,No
2005,Unprovoked,USA,SE coast,Florida,Male,62,No
2005,Unprovoked,USA,SW coast,California,Male,37,No
2005,Unprovoked,USA,SE coast,South Carolina,Male,8,No
2005,Unprovoked,USA,SE coast,Texas,Male,12,No
2005,Unprovoked,USA,SE coast,North Carolina,Male,16,No
2005,Unprovoked,USA,SE coast,South Carolina,Male,14,No
2005,Unprovoked,USA,SE coast,Florida,Female,13,No
2005,Unprovoked,USA,SE coast,Florida,Male,61,No
2005,Unprovoked,USA,SE coast,North Carolina,Male,22,No
2005,Unprovoked,USA,SE coast,Texas,Female,14,No
2005,Unprovoked,USA,SE coast,Florida,Male,19,No
2005,Unprovoked,USA,SE coast,Florida,Male,16,No
2005,Unprovoked,USA,SE coast,Florida,Female,14,Yes
2005,Unprovoked,USA,SE coast,Florida,Male,20,No
2005,Unprovoked,USA,SE coast,South Carolina,Female,11,No
2005,Unprovoked,USA,SE coast,Texas,Male,6,No
2005,Unprovoked,USA,SE coast,Florida,Male,33,No
2005,Unprovoked,USA,SE coast,Florida,Female,Uknown,No
2005,Unprovoked,USA,Pacific Islands,Hawaii,Uknown,Uknown,No
2005,Unprovoked,USA,Pacific Islands,Hawaii,Male,47,No
2005,Unprovoked,USA,SE coast,Florida,Female,70,No
2005,Unprovoked,USA,SE coast,Texas,Male,37,No
2005,Unprovoked,USA,SE coast,Florida,Female,Uknown,No
2005,Provoked,USA,SW coast,New Mexico,Male,45,No
2005,Provoked,USA,SE coast,Florida,Male,Uknown,No
2005,Unprovoked,USA,Pacific Islands,Hawaii,Male,Uknown,No
2005,Unprovoked,USA,SE coast,Florida,Male,Uknown,No
2004,Unprovoked,USA,SW coast,California,Uknown,38,No
2004,Unprovoked,USA,SW coast,California,Male,Uknown,No
2004,Unprovoked,USA,Pacific Islands,Hawaii,Male,34,No
2004,Unprovoked,USA,SW coast,California,Male,16,No
2004,Unprovoked,USA,SW coast,California,Male,40,No
2004,Unprovoked,USA,NW coast,Oregon,Male,26,No
2004,Unprovoked,USA,SE coast,South Carolina,Female,17,No
2004,Unprovoked,USA,SE coast,Florida,Female,38,No
2004,Unprovoked,USA,SW coast,California,Male,Uknown,No
2004,Unprovoked,USA,SW coast,California,Male,50,Yes
2004,Unprovoked,USA,SE coast,Florida,Male,47,No
2004,Unprovoked,USA,SE coast,Florida,Female,20,No
2004,Unprovoked,USA,SE coast,North Carolina,Female,28,No
2004,Unprovoked,USA,SE coast,North Carolina,Female,13,No
2004,Unprovoked,USA,SE coast,Texas,Female,19,No
2004,Unprovoked,USA,SE coast,Texas,Male,11,No
2004,Unprovoked,USA,SE coast,Alabama,Male,7,No
2004,Unprovoked,USA,SW coast,California,Male,45,No
2004,Unprovoked,USA,SE coast,Florida,Female,Uknown,No
2004,Unprovoked,USA,SE coast,Florida,Male,8,No
2004,Unprovoked,USA,SE coast,Texas,Male,16,No
2004,Unprovoked,USA,SW coast,California,Male,44,No
2004,Unprovoked,USA,SE coast,Florida,Male,9,No
2004,Unprovoked,USA,SE coast,Florida,Female,9,No
2004,Unprovoked,USA,SE coast,Texas,Male,28,No
2004,Unprovoked,USA,Pacific Islands,Hawaii,Male,57,Yes
2004,Unprovoked,USA,SE coast,Florida,Male,26,No
2004,Unprovoked,USA,SE coast,Florida,Male,20,No
2004,Unprovoked,USA,SE coast,Florida,Male,Uknown,No
2004,Unprovoked,USA,SE coast,Florida,Male,61,No
2004,Unprovoked,USA,Pacific Islands,Hawaii,Female,Uknown,No
2004,Unprovoked,USA,Pacific Islands,Hawaii,Male,51,No
2003,Unprovoked,USA,SE coast,Florida,Male,13,No
2003,Unprovoked,USA,SE coast,Florida,Female,35,No
2003,Unprovoked,USA,SE coast,Florida,Male,24,No
2003,Unprovoked,USA,SE coast,Florida,Male,18,No
2003,Unprovoked,USA,Pacific Islands,Hawaii,Female,13,No
2003,Unprovoked,USA,SE coast,Florida,Male,46,No
2003,Unprovoked,USA,SE coast,Florida,Male,19,No
2003,Unprovoked,USA,SE coast,Florida,Female,Uknown,No
2003,Unprovoked,USA,SE coast,Florida,Male,18,No
2003,Provoked,USA,SE coast,Florida,Male,30,No
2003,Unprovoked,USA,SE coast,Florida,Male,50,No
2003,Unprovoked,USA,Pacific Islands,Hawaii,Female,41,No
2003,Unprovoked,USA,SE coast,Florida,Male,16,No
2003,Unprovoked,USA,SE coast,Florida,Male,21,No
2003,Unprovoked,USA,SE coast,Florida,Male,19,No
2003,Unprovoked,USA,SE coast,Florida,Male,17,No
2003,Unprovoked,USA,SE coast,Florida,Male,30,No
2003,Unprovoked,USA,SE coast,Florida,Male,18,No
2003,Unprovoked,USA,SE coast,South Carolina,Male,15,No
2003,Unprovoked,USA,SE coast,Florida,Male,Uknown,No
2003,Provoked,USA,SE coast,Texas,Male,Uknown,No
2003,Unprovoked,USA,SW coast,California,Female,50,Yes
2003,Unprovoked,USA,SE coast,Florida,Male,18,No
2003,Unprovoked,USA,SE coast,Florida,Female,15,No
2003,Provoked,USA,SE coast,Florida,Male,10,No
2003,Unprovoked,USA,SE coast,Florida,Male,21,No
2003,Unprovoked,USA,SE coast,Florida,Male,Uknown,No
2003,Unprovoked,USA,SE coast,Florida,Male,17,No
2003,Unprovoked,USA,SE coast,Florida,Male,15,No
2003,Unprovoked,USA,SE coast,Florida,Female,12,No
2003,Unprovoked,USA,Pacific Islands,Hawaii,Male,60,No
2003,Unprovoked,USA,Pacific Islands,Johnston Atoll,Male,51,No
2003,Unprovoked,USA,SE coast,North Carolina,Male,33,No
2003,Unprovoked,USA,SE coast,Florida,Uknown,15,No
2003,Unprovoked,USA,SE coast,Florida,Male,18,No
2003,Unprovoked,USA,SE coast,Florida,Male,22,No
2003,Unprovoked,USA,Pacific Islands,Hawaii,Male,20,No
2003,Provoked,USA,SE coast,Florida,Male,34,No
2003,Unprovoked,USA,SE coast,Florida,Female,9,No
2003,Unprovoked,USA,SE coast,Florida,Male,36,No
2003,Unprovoked,USA,SE coast,Florida,Male,17,No
2003,Unprovoked,USA,SE coast,Florida,Male,30,No
2003,Unprovoked,USA,SE coast,Florida,Male,23,No
2003,Unprovoked,USA,SE coast,Florida,Male,18,No
2003,Unprovoked,USA,SE coast,Florida,Male,11,No
2003,Unprovoked,USA,SE coast,Florida,Male,12,No
2003,Unprovoked,USA,SE coast,Florida,Male,20,No
2003,Unprovoked,USA,SE coast,Florida,Male,Uknown,No
2003,Unprovoked,USA,SE coast,Florida,Male,50,No
2003,Provoked,USA,SE coast,Florida,Female,Uknown,No
2003,Unprovoked,USA,SE coast,Florida,Male,54,No
2002,Unprovoked,USA,SW coast,California,Male,48,No
2002,Unprovoked,USA,Pacific Islands,Hawaii,Female,34,No
2002,Unprovoked,USA,SE coast,Florida,Male,21,No
2002,Unprovoked,USA,SE coast,Florida,Male,16,No
2002,Unprovoked,USA,Pacific Islands,Hawaii,Female,60,No
2002,Unprovoked,USA,SE coast,Florida,Male,21,No
2002,Unprovoked,USA,SE coast,Florida,Male,14,No
2002,Unprovoked,USA,SE coast,Florida,Male,35,No
2002,Unprovoked,USA,SE coast,Florida,Male,18,No
2002,Unprovoked,USA,SE coast,Florida,Male,47,No
2002,Unprovoked,USA,SE coast,Florida,Male,32,No
2002,Unprovoked,USA,Pacific Islands,Hawaii,Male,55,No
2002,Provoked,USA,SE coast,Florida,Male,Uknown,No
2002,Unprovoked,USA,NW coast,Oregon,Male,24,No
2002,Unprovoked,USA,SW coast,California,Male,35,No
2002,Unprovoked,USA,Pacific Islands,Hawaii,Uknown,Uknown,No
2002,Unprovoked,USA,SE coast,Florida,Male,20,No
2002,Provoked,USA,SE coast,Florida,Male,36,No
2002,Unprovoked,USA,Pacific Islands,Hawaii,Male,16,No
2002,Unprovoked,USA,SE coast,Alabama,Female,29,No
2002,Unprovoked,USA,SE coast,Florida,Male,27,No
2002,Unprovoked,USA,SE coast,Florida,Male,15,No
2002,Unprovoked,USA,SE coast,Florida,Male,15,No
2002,Unprovoked,USA,SE coast,North Carolina,Male,14,No
2002,Unprovoked,USA,SE coast,South Carolina,Male,13,No
2002,Unprovoked,USA,SE coast,North Carolina,Female,15,No
2002,Provoked,USA,SE coast,Florida,Male,19,No
2002,Provoked,USA,NE coast,Maryland,Male,41,Yes
2002,Unprovoked,USA,SE coast,North Carolina,Female,9,No
2002,Unprovoked,USA,SE coast,Florida,Female,11,No
2002,Unprovoked,USA,Pacific Islands,Hawaii,Uknown,Uknown,No
2002,Unprovoked,USA,SE coast,Florida,Male,28,No
2002,Unprovoked,USA,SE coast,Florida,Male,50,No
2002,Unprovoked,USA,SE coast,Florida,Male,10,No
2002,Unprovoked,USA,SW coast,California,Male,24,No
2002,Unprovoked,USA,SE coast,Florida,Male,16,No
2002,Provoked,USA,SE coast,Florida,Male,55,No
2002,Unprovoked,USA,SE coast,Florida,Male,35,No
2002,Unprovoked,USA,SE coast,Florida,Male,31,No
2002,Unprovoked,USA,SE coast,Florida,Male,34,No
2002,Unprovoked,USA,SE coast,Florida,Male,28,No
2002,Unprovoked,USA,SE coast,Florida,Male,41,No
2002,Unprovoked,USA,SE coast,Florida,Male,29,No
2002,Unprovoked,USA,Pacific Islands,Hawaii,Male,17,No
2002,Unprovoked,USA,SE coast,Florida,Female,11,No
2002,Unprovoked,USA,SE coast,Florida,Male,20,No
2002,Unprovoked,USA,SE coast,Florida,Male,39,No
2002,Unprovoked,USA,SE coast,Florida,Male,31,No
2002,Unprovoked,USA,Pacific Islands,Hawaii,Male,35,No
2001,Unprovoked,USA,Pacific Islands,Hawaii,Uknown,Uknown,No
2001,Provoked,USA,SE coast,Florida,Male,21,No
2001,Unprovoked,USA,SE coast,Florida,Male,14,No
2001,Unprovoked,USA,SE coast,Florida,Male,6,No
2001,Unprovoked,USA,SE coast,North Carolina,Male,16,No
2001,Provoked,USA,SE coast,Florida,Male,44,No
2001,Unprovoked,USA,SE coast,Florida,Male,13,No
2001,Unprovoked,USA,SE coast,North Carolina,Male,28,Yes
2001,Unprovoked,USA,SE coast,North Carolina,Female,23,No
2001,Unprovoked,USA,SE coast,Florida,Male,20,No
2001,Unprovoked,USA,NE coast,Virginia,Male,10,Yes
2001,Unprovoked,USA,SE coast,Florida,Female,29,No
2001,Unprovoked,USA,SE coast,Florida,Male,69,No
2001,Unprovoked,USA,SE coast,Florida,Male,18,No
2001,Unprovoked,USA,SE coast,Florida,Male,18,No
2001,Unprovoked,USA,SE coast,Florida,Male,17,No
2001,Unprovoked,USA,SE coast,Florida,Male,27,No
2001,Unprovoked,USA,SE coast,Florida,Male,32,No
2001,Unprovoked,USA,SE coast,Florida,Female,17,No
2001,Unprovoked,USA,SE coast,Florida,Female,17,No
2001,Unprovoked,USA,SE coast,Florida,Male,20,No
2001,Unprovoked,USA,SE coast,Florida,Male,19,No
2001,Unprovoked,USA,SE coast,Florida,Male,19,No
2001,Unprovoked,USA,SE coast,South Carolina,Female,Uknown,No
2001,Unprovoked,USA,SE coast,South Carolina,Female,Uknown,No
2001,Unprovoked,USA,SE coast,Florida,Male,Uknown,No
2001,Unprovoked,USA,SE coast,Florida,Female,Uknown,No
2001,Boat,USA,NE coast,Massachusetts,Uknown,Uknown,No
2001,Unprovoked,USA,SE coast,Florida,Male,48,No
2001,Unprovoked,USA,SE coast,Florida,Male,18,No
2001,Unprovoked,USA,SE coast,Florida,Male,8,No
2001,Unprovoked,USA,SE coast,South Carolina,Uknown,Uknown,No
2001,Unprovoked,USA,SE coast,Georgia,Male,35,No
2001,Unprovoked,USA,SE coast,Texas,Male,14,No
2001,Provoked,USA,SW coast,California,Male,52,No
2001,Unprovoked,USA,SE coast,South Carolina,Female,29,No
2001,Unprovoked,USA,SE coast,Texas,Male,16,No
2001,Unprovoked,USA,SE coast,South Carolina,Male,11,No
2001,Unprovoked,USA,SE coast,South Carolina,Male,Uknown,No
2001,Unprovoked,USA,SE coast,Florida,Male,45,No
2001,Unprovoked,USA,SE coast,Florida,Male,14,No
2001,Unprovoked,USA,SE coast,Florida,Male,16,No
2001,Unprovoked,USA,SE coast,Florida,Male,12,No
2001,Unprovoked,USA,SE coast,Florida,Male,Uknown,No
2001,Unprovoked,USA,SE coast,Florida,Male,38,No
2001,Unprovoked,USA,SE coast,Florida,Male,21,No
2001,Unprovoked,USA,SE coast,Florida,Male,12,No
2001,Unprovoked,USA,SE coast,Florida,Male,22,No
2001,Unprovoked,USA,SE coast,Florida,Male,19,No
2001,Unprovoked,USA,SE coast,Florida,Male,22,No
2001,Unprovoked,USA,Pacific Islands,Hawaii,Male,Uknown,No
2001,Unprovoked,USA,SE coast,Florida,Uknown,16,No
2001,Unprovoked,USA,SE coast,Florida,Male,26,No
2001,Unprovoked,USA,Pacific Islands,Hawaii,Male,Uknown,No
2001,Unprovoked,USA,SE coast,Florida,Male,Uknown,No
2001,Unprovoked,USA,SW coast,California,Male,Uknown,No
2000,Unprovoked,USA,SE coast,Florida,Male,73,No
2000,Unprovoked,USA,SW coast,California,Male,27,No
2000,Unprovoked,USA,SE coast,Florida,Male,23,No
2000,Unprovoked,USA,Pacific Islands,Hawaii,Female,56,No
2000,Unprovoked,USA,SE coast,Florida,Male,69,No
2000,Unprovoked,USA,SE coast,Florida,Male,17,No
2000,Unprovoked,USA,SE coast,Florida,Male,23,No
2000,Unprovoked,USA,SE coast,Florida,Male,11,No
2000,Unprovoked,USA,SE coast,North Carolina,Male,24,No
2000,Unprovoked,USA,SW coast,California,Male,Uknown,No
2000,Unprovoked,USA,SE coast,South Carolina,Uknown,Uknown,No
2000,Unprovoked,USA,SE coast,Florida,Male,49,No
2000,Unprovoked,USA,SE coast,Florida,Female,26,No
2000,Unprovoked,USA,SE coast,Florida,Male,25,No
2000,Unprovoked,USA,SE coast,Florida,Male,8,No
2000,Unprovoked,USA,SE coast,Florida,Male,40,No
2000,Unprovoked,USA,SE coast,Florida,Male,47,No
2000,Unprovoked,USA,SE coast,Florida,Male,69,Yes
2000,Provoked,USA,NW coast,Alaska,Male,Uknown,No
2000,Unprovoked,USA,SE coast,North Carolina,Male,Uknown,No
2000,Unprovoked,USA,Pacific Islands,Hawaii,Male,53,No
2000,Unprovoked,USA,SE coast,Florida,Male,27,No
2000,Unprovoked,USA,SE coast,Florida,Female,44,No
2000,Unprovoked,USA,SE coast,Florida,Male,5,No
2000,Unprovoked,USA,SE coast,Florida,Female,45,No
2000,Unprovoked,USA,SE coast,North Carolina,Male,16,No
2000,Unprovoked,USA,SE coast,North Carolina,Male,14,No
2000,Unprovoked,USA,SE coast,Florida,Male,13,No
2000,Unprovoked,USA,SE coast,Florida,Male,41,No
2000,Unprovoked,USA,SE coast,Texas,Male,5,No
2000,Unprovoked,USA,SE coast,North Carolina,Female,12,No
2000,Unprovoked,USA,SE coast,Florida,Female,20,No
2000,Unprovoked,USA,SE coast,Florida,Female,55,No
2000,Unprovoked,USA,SE coast,Florida,Female,13,No
2000,Unprovoked,USA,SE coast,Florida,Female,19,No
2000,Unprovoked,USA,SE coast,Florida,Male,52,No
2000,Boat,USA,SE coast,Florida,Uknown,Uknown,No
2000,Unprovoked,USA,SE coast,Texas,Male,17,No
2000,Unprovoked,USA,SE coast,Alabama,Male,55,No
2000,Unprovoked,USA,SE coast,Alabama,Male,44,No
2000,Unprovoked,USA,SE coast,Florida,Male,13,No
2000,Unprovoked,USA,SE coast,Florida,Male,34,No
2000,Unprovoked,USA,SE coast,Florida,Male,Uknown,No
2000,Unprovoked,USA,SE coast,Florida,Male,Uknown,No
2000,Unprovoked,USA,SE coast,Florida,Female,14,No
2000,Unprovoked,USA,SE coast,Florida,Male,37,No
2000,Unprovoked,USA,SE coast,Louisiana,Male,39,No
2000,Unprovoked,USA,SE coast,Florida,Male,27,No
2000,Boat,USA,SE coast,Florida,Male,Uknown,No
1999,Unprovoked,USA,SE coast,Florida,Male,35,No
1999,Unprovoked,USA,SE coast,Florida,Male,19,No
1999,Unprovoked,USA,Pacific Islands,Hawaii,Female,51,No
1999,Unprovoked,USA,SW coast,California,Male,Uknown,No
1999,Unprovoked,USA,SE coast,Florida,Male,45,No
1999,Unprovoked,USA,SE coast,Florida,Male,13,No
1999,Unprovoked,USA,SE coast,Florida,Male,Uknown,No
1999,Unprovoked,USA,Pacific Islands,Hawaii,Male,16,No
1999,Unprovoked,USA,SE coast,Florida,Male,22,No
1999,Unprovoked,USA,SE coast,Florida,Female,61,No
1999,Unprovoked,USA,SE coast,South Carolina,Female,10,No
1999,Unprovoked,USA,SE coast,Florida,Male,13,No
1999,Provoked,USA,SE coast,Florida,Male,7,No
1999,Unprovoked,USA,SE coast,Florida,Male,39,No
1999,Unprovoked,USA,SE coast,Florida,Male,28,No
1999,Unprovoked,USA,SE coast,North Carolina,Male,Uknown,No
1999,Unprovoked,USA,SE coast,Florida,Male,17,No
1999,Unprovoked,USA,SE coast,South Carolina,Male,10,No
1999,Unprovoked,USA,SE coast,Florida,Male,62,No
1999,Unprovoked,USA,SE coast,Florida,Male,43,No
1999,Unprovoked,USA,Pacific Islands,Hawaii,Male,43,No
1999,Unprovoked,USA,SE coast,South Carolina,Male,Uknown,No
1999,Unprovoked,USA,SE coast,Florida,Female,30,No
1999,Unprovoked,USA,SE coast,Florida,Male,20,No
1999,Unprovoked,USA,SE coast,Florida,Male,21,No
1999,Unprovoked,USA,SE coast,Florida,Male,41,No
1999,Unprovoked,USA,SE coast,Florida,Male,5,No
1999,Unprovoked,USA,SE coast,Florida,Male,14,No
1999,Unprovoked,USA,Pacific Islands,Hawaii,Female,29,Yes
1999,Unprovoked,USA,Pacific Islands,Hawaii,Male,18,No
1999,Unprovoked,USA,Pacific Islands,Hawaii,Female,29,No
1999,Boat,USA,SE coast,North Carolina,Uknown,Uknown,No
1999,Unprovoked,USA,SE coast,Florida,Male,25,No
1998,Provoked,USA,SE coast,Florida,Male,19,No
1998,Unprovoked,USA,SE coast,Florida,Male,9,Yes
1998,Unprovoked,USA,SE coast,Florida,Male,14,No
1998,Unprovoked,USA,SE coast,Florida,Male,13,No
1998,Unprovoked,USA,NW coast,Oregon,Male,32,No
1998,Unprovoked,USA,SE coast,Florida,Female,17,No
1998,Unprovoked,USA,SE coast,Florida,Male,Uknown,No
1998,Unprovoked,USA,SE coast,Florida,Male,28,No
1998,Unprovoked,USA,SE coast,Florida,Male,6,No
1998,Unprovoked,USA,SE coast,Florida,Male,18,No
1998,Unprovoked,USA,SE coast,Florida,Male,28,No
1998,Unprovoked,USA,SE coast,Florida,Male,26,No
1998,Unprovoked,USA,SW coast,California,Male,16,No
1998,Unprovoked,USA,NE coast,Virginia,Male,Uknown,No
1998,Unprovoked,USA,SE coast,Florida,Male,11,No
1998,Unprovoked,USA,SE coast,Florida,Male,13,No
1998,Unprovoked,USA,SE coast,Florida,Male,18,No
1998,Unprovoked,USA,SE coast,Florida,Male,40,No
1998,Unprovoked,USA,SE coast,Florida,Female,14,No
1998,Unprovoked,USA,SE coast,Florida,Male,24,No
1998,Unprovoked,USA,NW coast,Oregon,Male,50,No
1998,Provoked,USA,SE coast,Florida,Male,16,No
1998,Unprovoked,USA,SE coast,Florida,Male,40,No
1998,Unprovoked,USA,SE coast,Florida,Male,32,No
1998,Unprovoked,USA,SE coast,Florida,Male,Uknown,No
1998,Unprovoked,USA,NE coast,Virginia,Male,Uknown,No
1997,Unprovoked,USA,SE coast,Florida,Male,8,No
1997,Unprovoked,USA,SE coast,Florida,Male,32,No
1997,Unprovoked,USA,Pacific Islands,Hawaii,Male,19,No
1997,Unprovoked,USA,SE coast,Florida,Male,23,No
1997,Unprovoked,USA,SE coast,Florida,Male,12,No
1997,Unprovoked,USA,SE coast,Florida,Female,14,No
1997,Unprovoked,USA,SE coast,Florida,Male,12,No
1997,Unprovoked,USA,SE coast,Florida,Uknown,17,No
1997,Unprovoked,USA,SE coast,Florida,Male,20,No
1997,Unprovoked,USA,SE coast,Florida,Male,18,No
1997,Unprovoked,USA,SE coast,Florida,Male,22,No
1997,Unprovoked,USA,SW coast,California,Male,29,No
1997,Unprovoked,USA,SE coast,Florida,Female,12,No
1997,Unprovoked,USA,SE coast,Florida,Male,17,No
1997,Unprovoked,USA,SE coast,Florida,Male,Uknown,No
1997,Unprovoked,USA,SE coast,Texas,Female,10,No
1997,Unprovoked,USA,SE coast,Florida,Male,Uknown,No
1997,Unprovoked,USA,SE coast,Florida,Male,17,No
1997,Unprovoked,USA,SE coast,Florida,Male,19,No
1997,Unprovoked,USA,SE coast,South Carolina,Male,50,No
1997,Unprovoked,USA,Pacific Islands,Hawaii,Male,Uknown,No
1997,Unprovoked,USA,SE coast,Florida,Male,18,No
1997,Unprovoked,USA,SE coast,Florida,Male,33,No
1997,Unprovoked,USA,SE coast,Florida,Male,35,No
1997,Unprovoked,USA,SE coast,Florida,Male,34,No
1997,Unprovoked,USA,SE coast,Florida,Male,12,No
1997,Unprovoked,USA,Pacific Islands,Hawaii,Male,Uknown,UNoKNoOWNo
1996,Unprovoked,USA,SW coast,California,Male,45,No
1996,Unprovoked,USA,SE coast,Florida,Male,26,No
1996,Unprovoked,USA,SW coast,California,Male,22,No
1996,Unprovoked,USA,SE coast,Florida,Male,21,No
1996,Unprovoked,USA,SW coast,California,Male,31,No
1996,Unprovoked,USA,SE coast,Florida,Male,14,No
1996,Unprovoked,USA,SE coast,Florida,Male,19,No
1996,Unprovoked,USA,SE coast,Florida,Male,5,No
1996,Unprovoked,USA,SE coast,Florida,Male,28,No
1996,Unprovoked,USA,Pacific Islands,Hawaii,Male,19,No
1996,Unprovoked,USA,SW coast,California,Male,36,No
1996,Unprovoked,USA,SE coast,Florida,Male,21,No
1996,Unprovoked,USA,SE coast,Florida,Female,8,No
1996,Unprovoked,USA,NE coast,Massachusetts,Male,46,No
1996,Unprovoked,USA,SE coast,Florida,Male,9,No
1996,Unprovoked,USA,Pacific Islands,Hawaii,Uknown,Uknown,UNoKNoOWNo
1996,Unprovoked,USA,SE coast,Florida,Male,18,No
1996,Unprovoked,USA,SE coast,Florida,Female,63,No
1996,Unprovoked,USA,SE coast,South Carolina,Female,24,No
1996,Unprovoked,USA,SE coast,Florida,Male,22,No
1996,Unprovoked,USA,SE coast,Florida,Male,27,No
1996,Unprovoked,USA,Pacific Islands,Hawaii,Male,Uknown,UNoKNoOWNo
1996,Provoked,USA,US Central,Missouri,Female,32,No
1996,Provoked,USA,SE coast,Florida,Male,33,No
1996,Unprovoked,USA,Pacific Islands,Hawaii,Male,53,No
1996,Unprovoked,USA,SE coast,North Carolina,Male,Uknown,No
1995,Unprovoked,USA,Pacific Islands,Hawaii,Male,Uknown,UNoKNoOWNo
1995,Unprovoked,USA,SE coast,Florida,Male,13,No
1995,Unprovoked,USA,SE coast,Florida,Male,17,No
1995,Unprovoked,USA,SE coast,Florida,Male,39,No
1995,Unprovoked,USA,SE coast,Florida,Male,14,No
1995,Unprovoked,USA,SE coast,Florida,Male,17,No
1995,Unprovoked,USA,SW coast,California,Male,25,No
1995,Unprovoked,USA,SE coast,Florida,Male,19,No
1995,Unprovoked,USA,SE coast,Florida,Female,19,No
1995,Unprovoked,USA,SE coast,Florida,Male,25,Yes
1995,Unprovoked,USA,SW coast,California,Male,32,No
1995,Unprovoked,USA,SE coast,Florida,Male,19,No
1995,Unprovoked,USA,SE coast,South Carolina,Male,44,No
1995,Unprovoked,USA,SE coast,Florida,Male,16,No
1995,Unprovoked,USA,SE coast,Florida,Male,18,No
1995,Unprovoked,USA,SE coast,North Carolina,Male,16,No
1995,Unprovoked,USA,SE coast,North Carolina,Male,23,No
1995,Unprovoked,USA,SE coast,Florida,Male,19,No
1995,Unprovoked,USA,SE coast,North Carolina,Uknown,Uknown,No
1995,Unprovoked,USA,SE coast,Florida,Male,20,No
1995,Unprovoked,USA,SE coast,Florida,Male,20,No
1995,Unprovoked,USA,SE coast,South Carolina,Female,14,No
1995,Unprovoked,USA,SE coast,Florida,Male,12,No
1995,Unprovoked,USA,SE coast,Florida,Male,Uknown,No
1995,Unprovoked,USA,SE coast,Florida,Male,Uknown,No
1995,Unprovoked,USA,SE coast,Florida,Male,18,No
1995,Unprovoked,USA,SE coast,Florida,Male,18,No
1995,Unprovoked,USA,SE coast,South Carolina,Male,12,No
1995,Unprovoked,USA,SE coast,South Carolina,Female,7,No
1995,Unprovoked,USA,SE coast,Florida,Male,47,No
1995,Unprovoked,USA,SE coast,Texas,Male,34,No
1995,Provoked,USA,SE coast,Mississippi,Female,32,No
1995,Provoked,USA,SE coast,South Carolina,Male,Uknown,No
1995,Unprovoked,USA,SW coast,California,Male,31,No
1995,Unprovoked,USA,SW coast,California,Female,Uknown,No
1995,Unprovoked,USA,SE coast,Georgia,Male,13,No
1995,Unprovoked,USA,SE coast,South Carolina,Male,Uknown,No
1995,Unprovoked,USA,SE coast,Florida,Male,45,No
1995,Unprovoked,USA,SE coast,Florida,Female,10,No
1995,Unprovoked,USA,Pacific Islands,Hawaii,Male,38,No
1995,Unprovoked,USA,SE coast,Florida,Male,15,No
1995,Unprovoked,USA,SE coast,Florida,Male,20,No
1995,Unprovoked,USA,SE coast,South Carolina,Male,Uknown,UNoKNoOWNo
1994,Unprovoked,USA,Pacific Islands,Hawaii,Uknown,Uknown,No
1994,Unprovoked,USA,SW coast,California,Male,42,Yes
1994,Unprovoked,USA,Pacific Islands,Hawaii,Female,34,No
1994,Unprovoked,USA,Pacific Islands,Hawaii,Uknown,Uknown,No
1994,Provoked,USA,SE coast,Florida,Female,9,No
1994,Unprovoked,USA,SE coast,Florida,Male,16,No
1994,Unprovoked,USA,SE coast,South Carolina,Female,30,No
1994,Unprovoked,USA,NW coast,Oregon,Male,43,No
1994,Unprovoked,USA,Pacific Islands,Hawaii,Female,12,No
1994,Unprovoked,USA,SE coast,Florida,Male,15,No
1994,Unprovoked,USA,SE coast,Florida,Male,24,No
1994,Unprovoked,USA,SE coast,Florida,Male,28,No
1994,Unprovoked,USA,SE coast,Florida,Male,35,No
1994,Unprovoked,USA,SE coast,Florida,Female,36,No
1994,Unprovoked,USA,SE coast,Florida,Male,26,No
1994,Unprovoked,USA,SE coast,Florida,Male,22,No
1994,Unprovoked,USA,SE coast,Florida,Male,71,No
1994,Provoked,USA,SW coast,California,Male,33,No
1994,Unprovoked,USA,SE coast,Florida,Male,23,No
1994,Provoked,USA,Pacific Islands,Hawaii,Male,Uknown,No
1994,Unprovoked,USA,Pacific Islands,Hawaii,Male,Uknown,Yes
1994,Unprovoked,USA,SE coast,Florida,Male,Uknown,No
1993,Unprovoked,USA,Pacific Islands,Hawaii,Male,Uknown,Yes
1993,Unprovoked,USA,SE coast,Florida,Male,30,No
1993,Unprovoked,USA,Pacific Islands,Hawaii,Male,Uknown,No
1993,Unprovoked,USA,SW coast,California,Male,26,No
1993,Unprovoked,USA,SE coast,Florida,Female,26,No
1993,Boat,USA,SW coast,California,Female,34,No
1993,Unprovoked,USA,Pacific Islands,Hawaii,Uknown,Uknown,No
1993,Unprovoked,USA,SE coast,Florida,Male,19,No
1993,Unprovoked,USA,SE coast,Florida,Male,16,No
1993,Unprovoked,USA,SE coast,Florida,Uknown,13,No
1993,Unprovoked,USA,Pacific Islands,Hawaii,Male,Uknown,No
1993,Boat,USA,SW coast,California,Uknown,Uknown,No
1993,Unprovoked,USA,SE coast,North Carolina,Female,19,No
1993,Unprovoked,USA,SW coast,California,Male,39,No
1993,Unprovoked,USA,SE coast,Florida,Female,12,No
1993,Unprovoked,USA,Pacific Islands,Hawaii,Male,22,No
1993,Unprovoked,USA,SE coast,North Carolina,Female,Uknown,No
1993,Unprovoked,USA,SE coast,Florida,Male,25,No
1993,Unprovoked,USA,Pacific Islands,Hawaii,Male,35,No
1993,Unprovoked,USA,SW coast,California,Male,55,No
1993,Unprovoked,USA,NW coast,Oregon,Male,29,No
1993,Unprovoked,USA,SE coast,Florida,Uknown,Uknown,No
1992,Unprovoked,USA,Pacific Islands,Hawaii,Male,10,No
1992,Unprovoked,USA,Pacific Islands,Hawaii,Male,30,No
1992,Unprovoked,USA,SW coast,California,Male,31,No
1992,Unprovoked,USA,SE coast,Florida,Male,19,No
1992,Unprovoked,USA,SE coast,Florida,Male,24,No
1992,Boat,USA,SW coast,California,Male,46,No
1992,Unprovoked,USA,SW coast,California,Male,40,No
1992,Unprovoked,USA,SE coast,Florida,Male,17,No
1992,Unprovoked,USA,Pacific Islands,Hawaii,Male,18,Yes
1992,Unprovoked,USA,SW coast,California,Male,40,No
1992,Unprovoked,USA,Pacific Islands,Hawaii,Male,28,No
1992,Unprovoked,USA,NW coast,Oregon,Male,20,No
1992,Unprovoked,USA,SE coast,Florida,Female,18,No
1992,Unprovoked,USA,SE coast,Florida,Male,Uknown,No
1992,Unprovoked,USA,SW coast,California,Male,22,No
1992,Provoked,USA,SE coast,Florida,Male,26,No
1992,Unprovoked,USA,SE coast,Florida,Female,42,No
1992,Unprovoked,USA,Pacific Islands,Hawaii,Female,36,No
1992,Unprovoked,USA,NW coast,Oregon,Male,21,No
1992,Unprovoked,USA,Pacific Islands,Hawaii,Male,Uknown,Yes
1991,Unprovoked,USA,SW coast,California,Male,25,No
1991,Unprovoked,USA,Pacific Islands,Hawaii,Female,41,Yes
1991,Unprovoked,USA,Pacific Islands,Hawaii,Female,Uknown,No
1991,Unprovoked,USA,Pacific Islands,Hawaii,Male,Uknown,Yes
1991,Provoked,USA,SE coast,Florida,Male,Uknown,No
1991,Unprovoked,USA,SE coast,Florida,Male,21,No
1991,Unprovoked,USA,SW coast,California,Male,32,No
1991,Unprovoked,USA,SE coast,South Carolina,Male,23,No
1991,Unprovoked,USA,SE coast,Florida,Female,10,No
1991,Provoked,USA,SE coast,Florida,Male,Uknown,No
1991,Unprovoked,USA,SE coast,Florida,Male,39,No
1991,Unprovoked,USA,SE coast,Florida,Male,42,No
1991,Unprovoked,USA,SE coast,Florida,Male,22,No
1991,Unprovoked,USA,SW coast,California,Male,32,No
1991,Unprovoked,USA,NE coast,Virginia,Male,13,No
1991,Unprovoked,USA,SE coast,Florida,Male,18,No
1991,Unprovoked,USA,SE coast,Florida,Male,31,No
1991,Unprovoked,USA,Pacific Islands,Hawaii,Male,23,No
1991,Provoked,USA,NE coast,Maryland,Uknown,Uknown,No
1991,Unprovoked,USA,SE coast,Florida,Male,22,No
1991,Unprovoked,USA,Pacific Islands,Hawaii,Male,Uknown,No
1991,Unprovoked,USA,NW coast,Oregon,Male,38,No
1990,Unprovoked,USA,SW coast,California,Female,Uknown,No
1990,Unprovoked,USA,SE coast,Florida,Male,24,No
1990,Unprovoked,USA,SE coast,Florida,Male,50,No
1990,Unprovoked,USA,SE coast,Florida,Male,18,No
1990,Unprovoked,USA,SE coast,Florida,Male,25,No
1990,Unprovoked,USA,Pacific Islands,Hawaii,Male,43,No
1990,Unprovoked,USA,SE coast,Florida,Male,19,No
1990,Unprovoked,USA,SW coast,California,Male,49,No
1990,Boat,USA,SW coast,California,Male,44,No
1990,Unprovoked,USA,SW coast,California,Male,22,No
1990,Unprovoked,USA,SE coast,Texas,Male,Uknown,No
1990,Unprovoked,USA,SE coast,Texas,Male,18,No
1990,Unprovoked,USA,SE coast,Texas,Female,53,No
1990,Unprovoked,USA,SE coast,Florida,Male,17,No
1990,Unprovoked,USA,Pacific Islands,Hawaii,Male,Uknown,No
1990,Unprovoked,USA,Pacific Islands,Hawaii,Male,Uknown,Yes
1990,Unprovoked,USA,SE coast,Florida,Male,33,No
1990,Unprovoked,USA,SW coast,California,Male,Uknown,No
1990,Unprovoked,USA,SE coast,Florida,Male,17,UNoKNoOWNo
1989,Provoked,USA,Pacific Islands,Hawaii,Male,Uknown,No
1989,Unprovoked,USA,SE coast,Texas,Male,12,No
1989,Provoked,USA,SE coast,Florida,Male,51,No
1989,Boat,USA,SW coast,California,Uknown,Uknown,No
1989,Unprovoked,USA,SW coast,California,Male,38,No
1989,Unprovoked,USA,SE coast,North Carolina,Male,31,No
1989,Provoked,USA,SW coast,California,Male,46,No
1989,Unprovoked,USA,SE coast,Florida,Male,21,No
1989,Unprovoked,USA,SE coast,Florida,Male,16,No
1989,Unprovoked,USA,SE coast,Texas,Female,9,No
1989,Unprovoked,USA,Pacific Islands,Hawaii,Male,Uknown,No
1989,Unprovoked,USA,SE coast,Louisiana,Male,45,No
1989,Unprovoked,USA,SE coast,Florida,Male,19,No
1989,Unprovoked,USA,NW coast,Washington,Male,Uknown,No
1989,Boat,USA,SW coast,California,Uknown,Uknown,No
1989,Unprovoked,USA,Pacific Islands,Hawaii,Male,Uknown,No
1989,Unprovoked,USA,Pacific Islands,Hawaii,Male,Uknown,No
1989,Unprovoked,USA,SW coast,California,Female,24,Yes
1989,Unprovoked,USA,Pacific Islands,Hawaii,Male,10,No
1989,Unprovoked,USA,Pacific Islands,Hawaii,Male,Uknown,Yes
1989,Unprovoked,USA,NE coast,Virginia,Male,Uknown,No
1988,Unprovoked,USA,NW coast,Oregon,Male,21,No
1988,Unprovoked,USA,SE coast,Florida,Male,15,No
1988,Unprovoked,USA,SE coast,Florida,Male,30,No
1988,Unprovoked,USA,SE coast,Florida,Male,23,No
1988,Unprovoked,USA,SE coast,Florida,Female,23,No
1988,Unprovoked,USA,SE coast,Florida,Male,21,No
1988,Unprovoked,USA,SE coast,Florida,Female,Uknown,No
1988,Unprovoked,USA,SE coast,Florida,Male,38,Yes
1988,Provoked,USA,SE coast,Louisiana,Male,Uknown,No
1988,Unprovoked,USA,SW coast,California,Male,27,No
1988,Unprovoked,USA,SE coast,Florida,Female,15,No
1988,Unprovoked,USA,SE coast,Florida,Male,37,No
1988,Unprovoked,USA,SE coast,North Carolina,Male,42,No
1988,Unprovoked,USA,SE coast,South Carolina,Male,37,No
1988,Unprovoked,USA,SE coast,Florida,Male,12,No
1988,Unprovoked,USA,SE coast,Florida,Male,25,No
1988,Unprovoked,USA,SE coast,Florida,Male,31,No
1988,Unprovoked,USA,SE coast,Florida,Male,29,No
1988,Unprovoked,USA,SW coast,California,Male,Uknown,No
1988,Unprovoked,USA,SE coast,Florida,Male,24,No
1988,Unprovoked,USA,SE coast,Florida,Male,14,No
1988,Unprovoked,USA,SE coast,Florida,Male,Uknown,No
1988,Unprovoked,USA,SE coast,Florida,Female,30,No
1988,Unprovoked,USA,Pacific Islands,Hawaii,Male,Uknown,No
1988,Provoked,USA,SE coast,Louisiana,Male,Uknown,No
1987,Unprovoked,USA,SE coast,Florida,Male,16,No
1987,Unprovoked,USA,SE coast,Florida,Male,15,No
1987,Unprovoked,USA,SW coast,California,Male,20,No
1987,Unprovoked,USA,SE coast,Florida,Male,12,No
1987,Unprovoked,USA,SW coast,California,Male,40,No
1987,Unprovoked,USA,SE coast,Florida,Male,27,No
1987,Unprovoked,USA,SE coast,Texas,Female,32,No
1987,Unprovoked,USA,SE coast,Texas,Female,16,No
1987,Boat,USA,SE coast,South Carolina,Uknown,Uknown,No
1987,Provoked,USA,SE coast,Florida,Male,Uknown,No
1987,Unprovoked,USA,SE coast,South Carolina,Male,12,No
1987,Unprovoked,USA,SE coast,Florida,Male,Uknown,No
1987,Unprovoked,USA,SE coast,Texas,Female,16,No
1987,Unprovoked,USA,Pacific Islands,Hawaii,Male,Uknown,Yes
1987,Unprovoked,USA,SE coast,Florida,Male,Uknown,No
1986,Unprovoked,USA,SE coast,Florida,Male,40,No
1986,Unprovoked,USA,SW coast,California,Male,27,No
1986,Unprovoked,USA,SE coast,Florida,Male,17,No
1986,Unprovoked,USA,SE coast,Florida,Male,26,No
1986,Unprovoked,USA,SE coast,Florida,Male,23,No
1986,Unprovoked,USA,SE coast,Florida,Female,6,No
1986,Unprovoked,USA,SE coast,Florida,Male,28,No
1986,Unprovoked,USA,SE coast,Florida,Uknown,Uknown,No
1986,Unprovoked,USA,SE coast,Florida,Uknown,18,No
1986,Unprovoked,USA,SE coast,North Carolina,Uknown,16,No
1986,Unprovoked,USA,SE coast,South Carolina,Male,8,No
1986,Unprovoked,USA,Pacific Islands,Hawaii,Male,Uknown,Yes
1986,Unprovoked,USA,SE coast,Florida,Male,22,No
1986,Unprovoked,USA,SW coast,California,Male,16,No
1985,Unprovoked,USA,SE coast,North Carolina,Male,Uknown,No
1985,Boat,USA,SW coast,California,Uknown,Uknown,No
1985,Provoked,USA,SW coast,California,Male,24,No
1985,Unprovoked,USA,SW coast,California,Male,46,No
1985,Unprovoked,USA,Pacific Islands,Hawaii,Male,33,No
1985,Unprovoked,USA,Pacific Islands,Hawaii,Male,24,No
1985,Provoked,USA,SE coast,Alabama,Male,Uknown,No
1985,Unprovoked,USA,SW coast,California,Male,Uknown,No
1985,Unprovoked,USA,SE coast,Florida,Male,Uknown,No
1985,Unprovoked,USA,SE coast,South Carolina,Male,87,No
1985,Unprovoked,USA,SE coast,Florida,Female,13,No
1985,Unprovoked,USA,SE coast,Florida,Male,15,No
1985,Boat,USA,SW coast,California,Uknown,Uknown,No
1985,Unprovoked,USA,SE coast,South Carolina,Female,10,No
1985,Unprovoked,USA,SW coast,California,Male,Uknown,No
1985,Unprovoked,USA,SE coast,Florida,Male,25,No
1985,Unprovoked,USA,SW coast,California,Male,29,No
1985,Unprovoked,USA,SE coast,Florida,Male,16,No
1984,Unprovoked,USA,SE coast,Florida,Male,13,No
1984,Provoked,USA,SE coast,Florida,Male,29,No
1984,Unprovoked,USA,SE coast,Florida,Female,23,No
1984,Unprovoked,USA,SE coast,Florida,Male,15,No
1984,Unprovoked,USA,NW coast,Oregon,Male,25,No
1984,Unprovoked,USA,SW coast,California,Male,Uknown,No
1984,Unprovoked,USA,SE coast,Florida,Male,17,No
1984,Unprovoked,USA,SE coast,Florida,Male,Uknown,No
1984,Unprovoked,USA,SE coast,Florida,Male,16,No
1984,Unprovoked,USA,SE coast,Florida,Uknown,Uknown,UNoKNoOWNo
1984,Unprovoked,USA,SW coast,California,Male,Uknown,No
1984,Unprovoked,USA,SW coast,California,Male,28,Yes
1984,Unprovoked,USA,SE coast,Texas,Female,13,No
1984,Unprovoked,USA,SE coast,Texas,Female,18,No
1984,Unprovoked,USA,SE coast,Florida,Male,30,No
1984,Unprovoked,USA,Pacific Islands,Hawaii,Female,13,No
1984,Provoked,USA,SW coast,California,Male,Uknown,No
1984,Unprovoked,USA,SE coast,Florida,Male,Uknown,No
1983,Unprovoked,USA,SE coast,Florida,Male,17,No
1983,Unprovoked,USA,SE coast,Florida,Male,15,No
1983,Unprovoked,USA,SE coast,Florida,Male,16,No
1983,Unprovoked,USA,SE coast,Florida,Male,20,No
1983,Unprovoked,USA,SE coast,Florida,Male,15,No
1983,Unprovoked,USA,NW coast,Oregon,Male,Uknown,No
1983,Unprovoked,USA,NE coast,Virginia,Female,14,No
1983,Provoked,USA,SE coast,Florida,Male,14,No
1983,Unprovoked,USA,SE coast,Florida,Female,22,No
1983,Boat,USA,NE coast,Rhode Island,Uknown,Uknown,No
1983,Unprovoked,USA,SE coast,Florida,Female,39,No
1983,Unprovoked,USA,SE coast,Florida,Uknown,17,No
1983,Unprovoked,USA,SE coast,Florida,Male,42,No
1983,Unprovoked,USA,SE coast,Florida,Male,21,No
1983,Unprovoked,USA,SE coast,Florida,Male,21,No
1983,Unprovoked,USA,SE coast,Florida,Male,15,No
1983,Unprovoked,USA,SE coast,Florida,Male,22,No
1983,Unprovoked,USA,SE coast,Florida,Male,Uknown,UNoKNoOWNo
1983,Unprovoked,USA,SE coast,Florida,Male,16,No
1983,Unprovoked,USA,SE coast,Florida,Male,Uknown,No
1983,Provoked,USA,SE coast,South Carolina,Male,43,No
1983,Provoked,USA,SE coast,North Carolina,Male,Uknown,No
1982,Unprovoked,USA,SE coast,South Carolina,Male,Uknown,No
1982,Unprovoked,USA,SE coast,Florida,Male,26,No
1982,Unprovoked,USA,SE coast,Florida,Male,20,No
1982,Unprovoked,USA,SW coast,California,Male,36,No
1982,Unprovoked,USA,SW coast,California,Male,28,No
1982,Unprovoked,USA,SW coast,California,Male,26,No
1982,Unprovoked,USA,SE coast,Florida,Male,17,No
1982,Unprovoked,USA,SE coast,Florida,Female,19,No
1982,Unprovoked,USA,SE coast,South Carolina,Male,20,No
1982,Unprovoked,USA,SE coast,Florida,Female,8,No
1982,Unprovoked,USA,Pacific Islands,Hawaii,Male,Uknown,No
1982,Unprovoked,USA,SE coast,Florida,Male,16,No
1982,Unprovoked,USA,SE coast,Florida,Male,18,No
1982,Unprovoked,USA,Pacific Islands,Hawaii,Female,Uknown,No
1982,Unprovoked,USA,Pacific Islands,Hawaii,Female,Uknown,No
1982,Unprovoked,USA,SE coast,Florida,Female,75,Yes
1982,Unprovoked,USA,SW coast,California,Male,Uknown,No
1982,Unprovoked,USA,SE coast,Florida,Male,29,Yes
1981,Unprovoked,USA,SW coast,California,Male,24,Yes
1981,Unprovoked,USA,Pacific Islands,Hawaii,Male,Uknown,No
1981,Unprovoked,USA,Pacific Islands,Hawaii,Male,59,No
1981,Unprovoked,USA,SE coast,Florida,Male,19,No
1981,Unprovoked,USA,SE coast,Florida,Male,Uknown,UNoKNoOWNo
1981,Unprovoked,USA,SE coast,Florida,Male,17,No
1981,Unprovoked,USA,SE coast,Florida,Male,24,No
1981,Unprovoked,USA,SE coast,Florida,Male,28,No
1981,Unprovoked,USA,SE coast,Florida,Uknown,Uknown,No
1981,Unprovoked,USA,SE coast,Florida,Male,26,Yes
1981,Unprovoked,USA,SE coast,Florida,Male,25,No
1981,Unprovoked,USA,SE coast,Florida,Male,24,No
1981,Unprovoked,USA,SE coast,Florida,Male,15,No
1981,Provoked,USA,SE coast,Florida,Male,19,No
1981,Unprovoked,USA,SE coast,Florida,Male,Uknown,No
1981,Unprovoked,USA,SE coast,Florida,Female,19,Yes
1981,Unprovoked,USA,SE coast,Florida,Female,16,No
1981,Unprovoked,USA,SE coast,Florida,Male,Uknown,No
1981,Unprovoked,USA,Pacific Islands,Hawaii,Male,Uknown,Yes
1981,Unprovoked,USA,SE coast,Florida,Male,32,No
1981,Unprovoked,USA,SE coast,Florida,Male,Uknown,No
1981,Unprovoked,USA,SE coast,Florida,Male,19,No
1981,Unprovoked,USA,SE coast,Florida,Male,24,No
1981,Unprovoked,USA,SE coast,Florida,Male,15,No
1981,Unprovoked,USA,SE coast,Florida,Male,25,No
1980,Unprovoked,USA,NW coast,Oregon,Male,29,No
1980,Unprovoked,USA,SW coast,California,Male,19,No
1980,Unprovoked,USA,SE coast,North Carolina,Female,10,No
1980,Unprovoked,USA,Pacific Islands,Hawaii,Male,Uknown,No
1980,Unprovoked,USA,NE coast,New Jersey,Male,15,No
1980,Unprovoked,USA,NE coast,Delaware,Female,22,No
1980,Unprovoked,USA,SE coast,North Carolina,Male,Uknown,No
1980,Unprovoked,USA,SE coast,Florida,Male,Uknown,No
1980,Provoked,USA,SW coast,California,Female,44,No
1979,Unprovoked,USA,NW coast,Oregon,Male,20,No
1979,Unprovoked,USA,SE coast,Florida,Male,49,No
1979,Unprovoked,USA,SE coast,Florida,Male,24,No
1979,Unprovoked,USA,SE coast,Florida,Male,8,No
1979,Unprovoked,USA,SE coast,Florida,Male,27,No
1979,Unprovoked,USA,SW coast,California,Male,Uknown,No
1979,Unprovoked,USA,Pacific Islands,Hawaii,Male,Uknown,Yes
1978,Unprovoked,USA,Pacific Islands,Hawaii,Male,Uknown,No
1978,Unprovoked,USA,SE coast,Florida,Male,17,No
1978,Unprovoked,USA,SW coast,California,Male,Uknown,No
1978,Unprovoked,USA,SE coast,Florida,Male,27,No
1978,Provoked,USA,SW coast,California,Male,27,No
1978,Unprovoked,USA,SE coast,Florida,Male,20,No
1978,Unprovoked,USA,SE coast,Florida,Male,17,No
1978,Unprovoked,USA,SE coast,Florida,Female,Uknown,No
1977,Unprovoked,USA,SE coast,Florida,Male,27,No
1977,Unprovoked,USA,SW coast,California,Male,20,No
1977,Provoked,USA,SE coast,Florida,Male,27,No
1977,Unprovoked,USA,SE coast,Texas,Male,25,No
1977,Unprovoked,USA,Pacific Islands,Hawaii,Male,Uknown,No
1976,Unprovoked,USA,SW coast,California,Male,29,No
1976,Unprovoked,USA,SE coast,Florida,Male,19,No
1976,Unprovoked,USA,SW coast,California,Male,25,No
1976,Unprovoked,USA,SE coast,Florida,Male,16,Yes
1976,Unprovoked,USA,SE coast,Florida,Male,Uknown,Yes
1976,Unprovoked,USA,SE coast,Florida,Male,15,No
1976,Unprovoked,USA,SE coast,North Carolina,Male,23,No
1976,Unprovoked,USA,NW coast,Oregon,Male,19,No
1976,Unprovoked,USA,SE coast,Florida,Male,24,No
1976,Unprovoked,USA,SE coast,Louisiana,Male,10,No
1976,Unprovoked,USA,Pacific Islands,Hawaii,Male,18,Yes
1976,Unprovoked,USA,SE coast,Florida,Male,23,No
1976,Unprovoked,USA,SE coast,Florida,Male,17,No
1976,Unprovoked,USA,Pacific Islands,Hawaii,Male,Uknown,No
1976,Unprovoked,USA,SE coast,Florida,Male,21,No
1976,Unprovoked,USA,SE coast,Florida,Male,25,No
1976,Unprovoked,USA,Pacific Islands,Hawaii,Male,Uknown,Yes
1975,Unprovoked,USA,SW coast,California,Male,27,No
1975,Unprovoked,USA,SE coast,Florida,Male,18,No
1975,Unprovoked,USA,SE coast,Florida,Male,20,No
1975,Unprovoked,USA,SW coast,California,Male,44,No
1975,Unprovoked,USA,SE coast,Florida,Male,24,No
1975,Unprovoked,USA,SW coast,California,Male,23,No
1975,Unprovoked,USA,SW coast,California,Male,34,No
1975,Unprovoked,USA,SE coast,Florida,Female,14,No
1975,Unprovoked,USA,SE coast,Florida,Male,16,No
1975,Unprovoked,USA,SE coast,South Carolina,Male,18,No
1975,Unprovoked,USA,SE coast,South Carolina,Female,15,No
1975,Unprovoked,USA,SE coast,Alabama,Male,27,No
1975,Unprovoked,USA,SE coast,Florida,Male,20,No
1975,Provoked,USA,SE coast,Florida,Male,Uknown,No
1975,Unprovoked,USA,SE coast,Florida,Male,17,No
1975,Unprovoked,USA,SE coast,Florida,Female,10,No
1975,Unprovoked,USA,SE coast,Florida,Male,14,No
1974,Unprovoked,USA,SE coast,Florida,Male,24,No
1974,Unprovoked,USA,SW coast,California,Male,17,No
1974,Unprovoked,USA,SW coast,California,Male,29,No
1974,Unprovoked,USA,SW coast,California,Male,41,No
1974,Unprovoked,USA,SW coast,California,Male,48,No
1974,Unprovoked,USA,NW coast,Oregon,Male,24,No
1974,Unprovoked,USA,SW coast,California,Male,Uknown,No
1974,Unprovoked,USA,SW coast,California,Male,36,No
1974,Unprovoked,USA,SE coast,Georgia,Male,17,Yes
1974,Unprovoked,USA,SE coast,Florida,Female,61,No
1974,Unprovoked,USA,SW coast,California,Male,45,No
1974,Unprovoked,USA,SE coast,Florida,Female,11,No
1973,Unprovoked,USA,Pacific Islands,Hawaii,Male,Uknown,No
1973,Unprovoked,USA,SE coast,Florida,Male,13,No
1973,Unprovoked,USA,NE coast,Virginia,Male,17,No
1973,Unprovoked,USA,Pacific Islands,Hawaii,Male,Uknown,No
1972,Unprovoked,USA,Caribean Islands,US Virgin Islands,Male,Uknown,Yes
1972,Unprovoked,USA,SE coast,Florida,Male,17,No
1972,Unprovoked,USA,SW coast,California,Male,Uknown,No
1972,Unprovoked,USA,SE coast,Florida,Male,15,No
1972,Unprovoked,USA,Pacific Islands,Hawaii,Male,Uknown,No
1972,Unprovoked,USA,SE coast,Florida,Male,22,No
1972,Unprovoked,USA,SW coast,California,Male,32,No
1972,Unprovoked,USA,Pacific Islands,Hawaii,Male,Uknown,No
1971,Unprovoked,USA,SE coast,Florida,Male,18,No
1971,Unprovoked,USA,SW coast,California,Male,30,No
1971,Unprovoked,USA,SE coast,North Carolina,Uknown,17,No
1971,Unprovoked,USA,SE coast,Florida,Male,8,No
1971,Unprovoked,USA,SW coast,California,Male,Uknown,No
1970,Unprovoked,USA,Pacific Islands,Hawaii,Male,Uknown,No
1970,Unprovoked,USA,SE coast,Florida,Male,Uknown,No
1970,Unprovoked,USA,SE coast,Florida,Male,18,No
1970,Unprovoked,USA,SE coast,South Carolina,Male,Uknown,No
1970,Unprovoked,USA,SE coast,Florida,Male,Uknown,No
1970,Provoked,USA,SE coast,Florida,Male,13,No
1970,Unprovoked,USA,SE coast,Florida,Male,19,No
1969,Unprovoked,USA,Pacific Islands,Hawaii,Male,Uknown,No
1969,Unprovoked,USA,Pacific Islands,Hawaii,Male,Uknown,No
1969,Unprovoked,USA,SW coast,California,Male,53,No
1969,Unprovoked,USA,SE coast,Florida,Male,Uknown,No
1969,Provoked,USA,NE coast,Massachusetts,Male,28,No
1969,Unprovoked,USA,SE coast,Florida,Male,15,No
1969,Unprovoked,USA,SE coast,Florida,Male,13,No
1969,Provoked,USA,SE coast,Florida,Male,13,No
1969,Unprovoked,USA,SW coast,California,Male,Uknown,No
1969,Unprovoked,USA,SE coast,Florida,Male,22,UNoKNoOWNo
1969,Unprovoked,USA,SE coast,Florida,Male,8,No
1969,Provoked,USA,SE coast,Texas,Male,Uknown,No
1969,Provoked,USA,SE coast,Florida,Male,23,No
1969,Provoked,USA,SE coast,Florida,Male,Uknown,No
1969,Unprovoked,USA,Pacific Islands,Hawaii,Male,16,No
1968,Unprovoked,USA,SE coast,Florida,Male,Uknown,No
1968,Unprovoked,USA,SE coast,Florida,Uknown,9,No
1968,Unprovoked,USA,SE coast,Florida,Male,15,No
1968,Unprovoked,USA,SW coast,California,Male,25,No
1968,Unprovoked,USA,SE coast,Florida,Male,33,No
1968,Unprovoked,USA,SE coast,South Carolina,Male,33,No
1968,Unprovoked,USA,SE coast,Florida,Male,17,No
1968,Unprovoked,USA,SE coast,Florida,Male,10,No
1968,Unprovoked,USA,SE coast,Florida,Male,20,No
1968,Unprovoked,USA,SE coast,Florida,Male,17,No
1967,Unprovoked,USA,SE coast,Florida,Male,19,No
1967,Unprovoked,USA,SE coast,Florida,Uknown,Uknown,No
1967,Provoked,USA,SW coast,California,Male,24,No
1967,Unprovoked,USA,SE coast,Florida,Male,15,No
1967,Unprovoked,USA,SE coast,Florida,Male,20,No
1967,Provoked,USA,SE coast,Florida,Male,26,No
1966,Provoked,USA,Pacific Islands,Hawaii,Male,20,No
1966,Provoked,USA,SE coast,Florida,Male,14,No
1966,Unprovoked,USA,SE coast,Florida,Male,8,No
1966,Unprovoked,USA,SE coast,Texas,Male,16,No
1966,Provoked,USA,SE coast,South Carolina,Male,34,No
1966,Unprovoked,USA,SE coast,Texas,Male,14,No
1966,Provoked,USA,NE coast,New Jersey,Male,15,No
1966,Provoked,USA,SE coast,Florida,Male,18,No
1966,Unprovoked,USA,SE coast,Texas,Male,18,No
1966,Unprovoked,USA,Caribean Islands,Puerto Rico,Male,25,No
1966,Unprovoked,USA,SW coast,California,Male,29,No
1966,Unprovoked,USA,SE coast,Florida,Male,35,No
1965,Unprovoked,USA,NE coast,New Jersey,Male,15,No
1965,Unprovoked,USA,SE coast,Florida,Male,49,No
1965,Unprovoked,USA,SE coast,Florida,Male,28,No
1965,Unprovoked,USA,SE coast,Florida,Male,17,No
1965,Unprovoked,USA,SE coast,Florida,Male,16,No
1965,Unprovoked,USA,NE coast,Massachusetts,Male,18,No
1965,Unprovoked,USA,SE coast,Texas,Male,13,No
1965,Provoked,USA,SW coast,California,Male,Uknown,No
1965,Provoked,USA,SE coast,Florida,Male,Uknown,No
1964,Boat,USA,Caribean Islands,Puerto Rico,Uknown,Uknown,No
1964,Unprovoked,USA,SE coast,Florida,Male,14,No
1964,Unprovoked,USA,SE coast,Florida,Male,Uknown,No
1964,Unprovoked,USA,SE coast,Florida,Male,28,No
1964,Provoked,USA,Caribean Islands,Puerto Rico,Male,22,No
1964,Provoked,USA,SE coast,Florida,Male,Uknown,No
1964,Boat,USA,SW coast,California,Uknown,Uknown,No
1964,Unprovoked,USA,SE coast,Florida,Male,38,No
1964,Unprovoked,USA,SE coast,Florida,Male,12,No
1964,Unprovoked,USA,SW coast,California,Male,21,No
1963,Provoked,USA,SE coast,Florida,Male,Uknown,No
1963,Unprovoked,USA,SE coast,Florida,Male,28,No
1963,Provoked,USA,SE coast,Florida,Male,16,No
1963,Unprovoked,USA,SE coast,Florida,Male,14,No
1963,Provoked,USA,SE coast,Mississippi,Male,24,No
1963,Unprovoked,USA,Caribean Islands,US Virgin Islands,Male,25,Yes
1963,Unprovoked,USA,Pacific Islands,Hawaii,Male,15,No
1962,Unprovoked,USA,SW coast,California,Male,24,No
1962,Provoked,USA,SW coast,California,Male,39,No
1962,Boat,USA,SE coast,Florida,Uknown,Uknown,No
1962,Unprovoked,USA,SE coast,Texas,Male,40,Yes
1962,Unprovoked,USA,NE coast,New Jersey,Male,24,No
1962,Unprovoked,USA,SE coast,South Carolina,Male,21,No
1962,Provoked,USA,SW coast,California,Male,19,No
1962,Unprovoked,USA,SE coast,Georgia,Male,41,No
1962,Unprovoked,USA,SE coast,Georgia,Male,13,No
1962,Unprovoked,USA,SE coast,Florida,Male,11,No
1962,Unprovoked,USA,SW coast,California,Male,31,No
1962,Unprovoked,USA,SW coast,California,Male,32,Yes
1962,Unprovoked,USA,SW coast,California,Male,35,Yes
1962,Unprovoked,USA,SE coast,South Carolina,Male,13,No
1962,Provoked,USA,SW coast,California,Male,55,No
1962,Unprovoked,USA,SE coast,Florida,Male,31,No
1962,Unprovoked,USA,SE coast,Florida,Male,17,No
1962,Unprovoked,USA,SW coast,California,Male,29,No
1961,Unprovoked,USA,SE coast,Florida,Male,45,Yes
1961,Provoked,USA,SE coast,Florida,Male,16,No
1961,Unprovoked,USA,SW coast,California,Male,16,No
1961,Unprovoked,USA,SE coast,South Carolina,Male,19,No
1961,Unprovoked,USA,Pacific Islands,Hawaii,Male,38,No
1961,Provoked,USA,NE coast,New York,Male,57,No
1961,Unprovoked,USA,SE coast,Florida,Male,23,Yes
1961,Unprovoked,USA,SE coast,Florida,Male,25,No
1961,Boat,USA,SE coast,Florida,Male,Uknown,No
1961,Unprovoked,USA,SW coast,California,Male,20,No
1961,Unprovoked,USA,SE coast,Florida,Male,52,No
1961,Unprovoked,USA,SE coast,Florida,Male,22,No
1961,Provoked,USA,NE coast,Pennsylvania,Male,30,No
1960,Unprovoked,USA,Pacific Islands,Hawaii,Male,Uknown,Yes
1960,Provoked,USA,SE coast,South Carolina,Male,Uknown,No
1960,Unprovoked,USA,NE coast,New Jersey,Male,25,No
1960,Unprovoked,USA,NE coast,Connecticut,Male,38,No
1960,Unprovoked,USA,NE coast,New Jersey,Male,14,No
1960,Unprovoked,USA,NE coast,New Jersey,Male,24,No
1960,Provoked,USA,SE coast,Florida,Male,15,No
1960,Unprovoked,USA,NE coast,Delaware,Male,46,No
1960,Unprovoked,USA,SE coast,South Carolina,Male,Uknown,Yes
1960,Unprovoked,USA,SE coast,Mississippi,Male,17,No
1960,Provoked,USA,NE coast,Virginia,Male,41,No
1960,Provoked,USA,SE coast,South Carolina,Male,Uknown,No
1960,Unprovoked,USA,SE coast,Florida,Male,39,No
1960,Unprovoked,USA,SE coast,Georgia,Male,24,No
1960,Unprovoked,USA,SW coast,California,Female,16,No
1960,Provoked,USA,SE coast,Florida,Uknown,Uknown,No
1960,Unprovoked,USA,SW coast,California,Male,48,No
1960,Unprovoked,USA,SE coast,Florida,Male,42,No
1959,Unprovoked,USA,SW coast,California,Male,21,No
1959,Unprovoked,USA,SW coast,California,Male,30,No
1959,Boat,USA,SE coast,South Carolina,Uknown,Uknown,UNoKNoOWNo
1959,Boat,USA,SW coast,California,Uknown,Uknown,No
1959,Unprovoked,USA,SE coast,Florida,Male,26,Yes
1959,Provoked,USA,SE coast,South Carolina,Male,Uknown,No
1959,Provoked,USA,SW coast,California,Male,32,No
1959,Unprovoked,USA,SE coast,Georgia,Female,15,No
1959,Provoked,USA,SW coast,California,Uknown,Uknown,No
1959,Unprovoked,USA,SW coast,California,Male,25,No
1959,Boat,USA,SW coast,California,Uknown,21,No
1959,Boat,USA,SW coast,California,Uknown,Uknown,No
1959,Provoked,USA,SW coast,California,Male,Uknown,No
1959,Provoked,USA,SE coast,Florida,Male,13,No
1959,Unprovoked,USA,SW coast,California,Male,33,Yes
1959,Unprovoked,USA,SE coast,Florida,Female,37,No
1959,Unprovoked,USA,SW coast,California,Male,18,Yes
1959,Unprovoked,USA,SE coast,Florida,Male,19,No
1959,Unprovoked,USA,Pacific Islands,Hawaii,Male,Uknown,No
1959,Unprovoked,USA,SE coast,Florida,Male,13,No
1959,Boat,USA,SE coast,Florida,Male,Uknown,No
1958,Unprovoked,USA,Pacific Islands,Hawaii,Male,15,Yes
1958,Boat,USA,SW coast,California,Uknown,Uknown,No
1958,Unprovoked,USA,SW coast,California,Male,15,No
1958,Unprovoked,USA,SE coast,Florida,Male,60,No
1958,Provoked,USA,NE coast,New York,Male,20,No
1958,Unprovoked,USA,SE coast,Florida,Male,12,No
1958,Unprovoked,USA,SE coast,Florida,Male,8,No
1958,Unprovoked,USA,SE coast,Florida,Male,35,Yes
1958,Provoked,USA,SE coast,Florida,Male,20,No
1958,Unprovoked,USA,SE coast,Florida,Male,Uknown,No
1958,Provoked,USA,SE coast,Florida,Male,59,No
1958,Unprovoked,USA,SE coast,Florida,Male,17,No
1958,Provoked,USA,SE coast,Florida,Male,Uknown,No
1958,Provoked,USA,SE coast,Florida,Male,29,No
1958,Provoked,USA,Caribean Islands,US Virgin Islands,Male,18,No
1957,Provoked,USA,SE coast,Florida,Male,Uknown,No
1957,Provoked,USA,SW coast,California,Male,Uknown,No
1957,Unprovoked,USA,SE coast,North Carolina,Male,57,Yes
1957,Unprovoked,USA,SE coast,Florida,Male,Uknown,No
1957,Unprovoked,USA,SW coast,California,Male,25,Yes
1957,Provoked,USA,SE coast,Florida,Male,17,No
1957,Unprovoked,USA,SE coast,Florida,Male,Uknown,No
1957,Unprovoked,USA,SE coast,Florida,Male,Uknown,No
1957,Unprovoked,USA,SE coast,Florida,Uknown,Uknown,No
1957,Unprovoked,USA,SE coast,Florida,Male,Uknown,No
1956,Unprovoked,USA,SE coast,Florida,Male,27,No
1956,Unprovoked,USA,Caribean Islands,Puerto Rico,Male,13,Yes
1956,Unprovoked,USA,SW coast,California,Male,10,No
1956,Provoked,USA,Caribean Islands,Puerto Rico,Male,13,Yes
1956,Provoked,USA,SW coast,California,Male,38,No
1956,Unprovoked,USA,SE coast,Florida,Female,38,No
1956,Unprovoked,USA,SE coast,South Carolina,Male,7,No
1956,Provoked,USA,NE coast,Virginia,Male,Uknown,No
1956,Unprovoked,USA,NE coast,Virginia,Female,14,UNoKNoOWNo
1955,Boat,USA,SE coast,Florida,Uknown,Uknown,No
1955,Unprovoked,USA,Pacific Islands,Hawaii,Male,Uknown,No
1955,Unprovoked,USA,SW coast,California,Male,16,No
1955,Unprovoked,USA,SW coast,California,Male,Uknown,No
1955,Provoked,USA,SW coast,California,Male,25,No
1955,Provoked,USA,SE coast,South Carolina,Male,Uknown,No
1955,Unprovoked,USA,NE coast,Rhode Island,Male,13,No
1955,Provoked,USA,SW coast,California,Male,28,No
1955,Unprovoked,USA,Pacific Islands,Hawaii,Male,Uknown,No
1955,Unprovoked,USA,SW coast,California,Male,Uknown,No
1955,Unprovoked,USA,SW coast,California,Male,19,No
1955,Unprovoked,USA,SE coast,Florida,Uknown,Uknown,UNoKNoOWNo
1954,Unprovoked,USA,Pacific Islands,Wake Island,Male,Uknown,No
1954,Unprovoked,USA,SW coast,California,Male,35,No
1954,Unprovoked,USA,SE coast,Florida,Uknown,Uknown,No
1954,Provoked,USA,SW coast,California,Male,35,No
1954,Unprovoked,USA,Pacific Islands,Hawaii,Male,Uknown,No
1953,Unprovoked,USA,SW coast,California,Male,Uknown,No
1953,Unprovoked,USA,NE coast,New York,Male,15,No
1953,Unprovoked,USA,Pacific Islands,Hawaii,Male,Uknown,No
1953,Unprovoked,USA,Pacific Islands,Hawaii,Male,15,Yes
1953,Provoked,USA,SW coast,California,Male,Uknown,No
1953,Unprovoked,USA,SE coast,Florida,Female,26,No
1953,Unprovoked,USA,Pacific Islands,Hawaii,Male,Uknown,No
1953,Unprovoked,USA,SE coast,Texas,Female,19,No
1953,Provoked,USA,Pacific Islands,Hawaii,Male,Uknown,No
1953,Unprovoked,USA,SE coast,Florida,Female,Uknown,No
1952,Unprovoked,USA,Pacific Islands,Hawaii,Male,Uknown,Yes
1952,Unprovoked,USA,SW coast,California,Male,17,Yes
1952,Unprovoked,USA,Pacific Islands,Hawaii,Male,40,Yes
1952,Boat,USA,SE coast,Florida,Uknown,Uknown,No
1952,Provoked,USA,SE coast,South Carolina,Male,43,No
1952,Provoked,USA,SE coast,South Carolina,Male,34,No
1952,Provoked,USA,SW coast,California,Male,34,No
1952,Unprovoked,USA,Caribean Islands,Puerto Rico,Male,Uknown,No
1952,Unprovoked,USA,SW coast,California,Male,Uknown,No
1952,Unprovoked,USA,SE coast,Florida,Male,Uknown,Yes
1951,Unprovoked,USA,SW coast,California,Male,13,No
1951,Unprovoked,USA,Pacific Islands,Hawaii,Male,Uknown,Yes
1950,Unprovoked,USA,SW coast,California,Male,31,No
1950,Unprovoked,USA,SE coast,Texas,Male,11,No
1950,Unprovoked,USA,SE coast,Florida,Male,21,No
1950,Unprovoked,USA,NE coast,New York,Male,16,No
1950,Unprovoked,USA,SE coast,Florida,Male,Uknown,No
